date,cantidad_entregas,cantidad_ventas
2019-09-05,2769,183341
2019-09-06,8474,207252
2019-09-07,613,189266
2019-09-08,346,166045
2019-09-09,4814,204670
2019-09-10,4767,201462
2019-09-11,3850,201479
2019-09-12,3856,207355
2019-09-13,3911,214589
2019-09-14,1621,178654
2019-09-15,801,165818
2019-09-16,4395,210578
2019-09-17,4425,197879
2019-09-18,4133,204662
2019-09-19,4129,217871
2019-09-20,4165,213838
2019-09-21,1308,186959
2019-09-22,475,163998
2019-09-23,3744,195864
2019-09-24,4246,199381
2019-09-25,3448,205953
2019-09-26,3803,215438
2019-09-27,3720,209881
2019-09-28,1283,191335
2019-09-29,314,166976
2019-09-30,4049,226627
2019-10-01,3895,227731
2019-10-02,3875,200037
2019-10-03,3811,210344
2019-10-04,3815,235549
2019-10-05,1233,173309
2019-10-06,503,152224
2019-10-07,4508,218345
2019-10-08,4203,216733
2019-10-09,4374,195708
2019-10-10,4197,199817
2019-10-11,3460,220912
2019-10-12,1184,183113
2019-10-13,444,160275
2019-10-14,3041,191175
2019-10-15,4707,248802
2019-10-16,4283,207281
2019-10-17,4518,210220
2019-10-18,3266,241177
2019-10-19,1382,212973
2019-10-20,429,154730
2019-10-21,5073,223348
2019-10-22,4206,216290
2019-10-23,4063,199454
2019-10-24,4300,213527
2019-10-25,3849,232864
2019-10-26,1397,180756
2019-10-27,458,164250
2019-10-28,4675,227206
2019-10-29,4140,215888
2019-10-30,3973,211630
2019-10-31,4479,230219
2019-11-01,3819,245229
2019-11-02,1209,191597
2019-11-03,403,167318
2019-11-04,5279,243748
2019-11-05,4922,203094
2019-11-06,5027,205799
2019-11-07,4351,210587
2019-11-08,4540,231452
2019-11-09,1414,176431
2019-11-10,370,156320
2019-11-11,4625,225486
2019-11-12,4706,221130
2019-11-13,4518,200492
2019-11-14,4551,203046
2019-11-15,4691,229360
2019-11-16,1794,170998
2019-11-17,610,156874
2019-11-18,1205,161356
2019-11-19,4287,235313
2019-11-20,4391,191513
2019-11-21,4018,201264
2019-11-22,3765,221232
2019-11-23,1723,169365
2019-11-24,256,149439
2019-11-25,4329,228018
2019-11-26,4918,217840
2019-11-27,9283,197097
2019-11-28,4047,197887
2019-11-29,4431,228836
2019-11-30,1405,197688
2019-12-01,400,169463
2019-12-02,5047,212224
2019-12-03,4491,205036
2019-12-04,4440,215735
2019-12-05,4399,198696
2019-12-06,4613,221615
2019-12-07,2031,192569
2019-12-08,384,167182
2019-12-09,4943,215439
2019-12-10,4848,229783
2019-12-11,4465,228871
2019-12-12,4566,245256
2019-12-13,3992,235333
2019-12-14,1750,209620
2019-12-15,511,186382
2019-12-16,5240,245298
2019-12-17,5104,233743
2019-12-18,4678,239670
2019-12-19,4423,255739
2019-12-20,4893,263133
2019-12-21,1602,227087
2019-12-22,328,187683
2019-12-23,5906,270138
2019-12-24,1553,213704
2019-12-25,231,176675
2019-12-26,4231,278004
2019-12-27,4504,241466
2019-12-28,1715,212676
2019-12-29,334,189848
2019-12-30,4097,287194
2019-12-31,1460,234434
2020-01-01,232,218609
2020-01-02,4247,254755
2020-01-03,4330,266891
2020-01-04,1818,231098
2020-01-05,334,176863
2020-01-06,4548,252050
2020-01-07,4459,247593
2020-01-08,4366,253238
2020-01-09,4366,234177
2020-01-10,3940,252489
2020-01-11,1740,227782
2020-01-12,333,202366
2020-01-13,4698,250086
2020-01-14,4216,246095
2020-01-15,4444,258164
2020-01-16,4744,245332
2020-01-17,4058,262880
2020-01-18,1556,221284
2020-01-19,301,206805
2020-01-20,4447,250226
2020-01-21,4757,247172
2020-01-22,4542,240396
2020-01-23,3951,227180
2020-01-24,4117,242605
2020-01-25,1775,220430
2020-01-26,334,203620
2020-01-27,5035,249030
2020-01-28,4759,244129
2020-01-29,4982,254441
2020-01-30,4949,251104
2020-01-31,4718,276313
2020-02-01,1310,241351
2020-02-02,373,185112
2020-02-03,4441,255272
2020-02-04,4483,257562
2020-02-05,4803,228236
2020-02-06,4742,242399
2020-02-07,4388,253184
2020-02-08,1771,228293
2020-02-09,449,176285
2020-02-10,5018,250787
2020-02-11,4999,239023
2020-02-12,4958,240553
2020-02-13,4704,220958
2020-02-14,4792,250415
2020-02-15,1771,212616
2020-02-16,391,172103
2020-02-17,4872,245609
2020-02-18,4865,237850
2020-02-19,4653,243011
2020-02-20,4239,223715
2020-02-21,3951,241914
2020-02-22,1455,212080
2020-02-23,311,174921
2020-02-24,1180,183884
2020-02-25,1376,195564
2020-02-26,4681,248842
2020-02-27,4279,217046
2020-02-28,4205,232093
2020-02-29,2008,211768
2020-03-01,548,182362
2020-03-02,5495,218239
2020-03-03,5352,218242
2020-03-04,5116,219401
2020-03-05,5001,202758
2020-03-06,4476,222407
2020-03-07,1718,205975
2020-03-08,466,174455
2020-03-09,4936,217113
2020-03-10,4719,208310
2020-03-11,4810,214040
2020-03-12,4861,226011
2020-03-13,4408,215642
2020-03-14,1831,183365
2020-03-15,409,164824
2020-03-16,4429,207570
2020-03-17,4036,206459
2020-03-18,4140,197600
2020-03-19,2591,204059
2020-03-20,991,272775
2020-03-21,468,204716
2020-03-22,102,167904
2020-03-23,334,159801
2020-03-24,312,168953
2020-03-25,1597,197257
2020-03-26,1843,195813
2020-03-27,2182,177535
2020-03-28,858,170528
2020-03-29,197,180189
2020-03-30,2348,197004
2020-03-31,889,190923
2020-04-01,2391,212512
2020-04-02,2718,177473
2020-04-03,2414,181835
2020-04-04,1114,168458
2020-04-05,359,147388
2020-04-06,2978,171477
2020-04-07,2949,166025
2020-04-08,3046,179121
2020-04-09,2876,146964
2020-04-10,1321,148944
2020-04-11,1421,160146
2020-04-12,425,161398
2020-04-13,3777,171840
2020-04-14,3557,165975
2020-04-15,3536,172144
2020-04-16,3736,161502
2020-04-17,3907,169023
2020-04-18,1894,158369
2020-04-19,744,157293
2020-04-20,4443,170667
2020-04-21,4289,177446
2020-04-22,4470,180576
2020-04-23,4753,169614
2020-04-24,4675,178445
2020-04-25,2680,167307
2020-04-26,1026,163850
2020-04-27,5376,173935
2020-04-28,5079,184468
2020-04-29,4796,186696
2020-04-30,5328,190904
2020-05-01,1304,158528
2020-05-02,2946,148840
2020-05-03,854,153646
2020-05-04,5361,188191
2020-05-05,5021,167238
2020-05-06,5193,170376
2020-05-07,5644,175836
2020-05-08,5312,179635
2020-05-09,2924,134450
2020-05-10,979,136585
2020-05-11,5703,184700
2020-05-12,6480,191310
2020-05-13,5658,179091
2020-05-14,5773,180165
2020-05-15,8373,189277
2020-05-16,2729,143359
2020-05-17,1200,131497
2020-05-18,5889,187421
2020-05-19,6220,187436
2020-05-20,5317,175025
2020-05-21,5336,179552
2020-05-22,5272,179482
2020-05-23,2318,120233
2020-05-24,835,111503
2020-05-25,1735,119767
2020-05-26,5243,180310
2020-05-27,4640,160078
2020-05-28,5287,162615
2020-05-29,4788,166407
2020-05-30,2239,140065
2020-05-31,904,125513
2020-06-01,5159,185697
2020-06-02,4718,160669
2020-06-03,5308,162655
2020-06-04,5542,168079
2020-06-05,5535,158486
2020-06-06,1706,124448
2020-06-07,536,104954
2020-06-08,4858,181213
2020-06-09,4914,146439
2020-06-10,4822,149907
2020-06-11,5200,156416
2020-06-12,4820,164736
2020-06-13,2172,116502
2020-06-14,590,104679
2020-06-15,1490,115057
2020-06-16,4458,154247
2020-06-17,4153,159325
2020-06-18,4941,154194
2020-06-19,4035,167477
2020-06-20,1018,117198
2020-06-21,435,109689
2020-06-22,4383,168085
2020-06-23,4337,151674
2020-06-24,4340,150574
2020-06-25,4810,153100
2020-06-26,4329,162530
2020-06-27,2097,117133
2020-06-28,804,108680
2020-06-29,4827,158023
2020-06-30,4400,159514
2020-07-01,4375,161517
2020-07-02,4479,142721
2020-07-03,4421,156124
2020-07-04,1783,123205
2020-07-05,821,95068
2020-07-06,5036,150319
2020-07-07,4485,157692
2020-07-08,4506,154380
2020-07-09,1771,98892
2020-07-10,1952,118311
2020-07-11,1729,127097
2020-07-12,597,100466
2020-07-13,4827,148737
2020-07-14,4463,149678
2020-07-15,4685,148825
2020-07-16,4502,135951
2020-07-17,4518,149499
2020-07-18,2214,122195
2020-07-19,796,114273
2020-07-20,4139,152164
2020-07-21,4007,147668
2020-07-22,3897,150432
2020-07-23,4262,139340
2020-07-24,3717,153305
2020-07-25,1780,123475
2020-07-26,453,111801
2020-07-27,5639,162170
2020-07-28,5158,153351
2020-07-29,4874,157725
2020-07-30,4549,163799
2020-07-31,4436,169302
2020-08-01,1709,139566
2020-08-02,676,110876
2020-08-03,4844,158407
2020-08-04,5116,160381
2020-08-05,5033,145381
2020-08-06,4808,153355
2020-08-07,4678,157017
2020-08-08,2598,131743
2020-08-09,853,100273
2020-08-10,4964,158063
2020-08-11,4784,153690
2020-08-12,4502,166472
2020-08-13,4472,147997
2020-08-14,4688,160745
2020-08-15,2407,128163
2020-08-16,815,96648
2020-08-17,1792,106906
2020-08-18,4483,156977
2020-08-19,4290,162560
2020-08-20,4297,142092
2020-08-21,4073,154891
2020-08-22,2286,126292
2020-08-23,640,95096
2020-08-24,4469,151590
2020-08-25,4242,154850
2020-08-26,4006,158711
2020-08-27,4359,128447
2020-08-28,4430,148114
2020-08-29,2075,128447
2020-08-30,574,114250
2020-08-31,3485,168898
2020-09-01,3804,172599
2020-09-02,3365,143371
2020-09-03,3321,153903
2020-09-04,3245,161033
2020-09-05,1424,111987
2020-09-06,346,102388
2020-09-07,3513,152906
2020-09-08,3703,151138
2020-09-09,3610,131705
2020-09-10,3508,138024
2020-09-11,3361,149904
2020-09-12,1373,114637
2020-09-13,459,94770
2020-09-14,3503,147522
2020-09-15,3381,151423
2020-09-16,3667,133142
2020-09-17,3578,141516
2020-09-18,3313,147876
2020-09-19,1545,116924
2020-09-20,449,91366
2020-09-21,3365,140034
2020-09-22,3418,142999
2020-09-23,3843,131505
2020-09-24,3851,137179
2020-09-25,3900,154260
2020-09-26,1668,126019
2020-09-27,628,99240
2020-09-28,3381,143310
2020-09-29,3747,150510
2020-09-30,3548,155897
2020-10-01,3531,161112
2020-10-02,4094,153995
2020-10-03,2140,125015
2020-10-04,846,106165
2020-10-05,4536,137729
2020-10-06,4583,147586
2020-10-07,4839,150300
2020-10-08,4762,159963
2020-10-09,4184,149650
2020-10-10,2071,123792
2020-10-11,764,107372
2020-10-12,1689,120656
2020-10-13,3711,159392
2020-10-14,3884,159213
2020-10-15,4641,167267
2020-10-16,4078,158366
2020-10-17,1876,132649
2020-10-18,510,109187
2020-10-19,3840,164852
2020-10-20,3652,156752
2020-10-21,3709,155856
2020-10-22,3625,155771
2020-10-23,3942,152782
2020-10-24,1700,127047
2020-10-25,466,114697
2020-10-26,3656,169732
2020-10-27,3378,152303
2020-10-28,3266,151235
2020-10-29,3368,156216
2020-10-30,2977,168997
2020-10-31,1449,146087
2020-11-01,322,114677
2020-11-02,3719,161113
2020-11-03,3723,155975
2020-11-04,3572,165428
2020-11-05,3662,153607
2020-11-06,3174,164289
2020-11-07,1547,137710
2020-11-08,401,123045
2020-11-09,3381,166583
2020-11-10,3601,164289
2020-11-11,3486,163963
2020-11-12,3387,165535
2020-11-13,3341,158342
2020-11-14,1472,135728
2020-11-15,458,122987
2020-11-16,3053,156410
2020-11-17,3052,152602
2020-11-18,2773,157291
2020-11-19,3047,162875
2020-11-20,2865,156169
2020-11-21,1602,138638
2020-11-22,616,127414
2020-11-23,1342,118667
2020-11-24,3576,167700
2020-11-25,3516,163301
2020-11-26,3709,171497
2020-11-27,3701,161535
2020-11-28,1911,144785
2020-11-29,853,127129
2020-11-30,3649,185742
2020-12-01,3567,186076
2020-12-02,3512,171119
2020-12-03,3454,174744
2020-12-04,3627,195692
2020-12-05,1808,146261
2020-12-06,699,126776
2020-12-07,1469,139505
2020-12-08,1513,139935
2020-12-09,3628,169133
2020-12-10,3585,169912
2020-12-11,3694,187387
2020-12-12,1620,162322
2020-12-13,787,120918
2020-12-14,3743,183990
2020-12-15,3957,230493
2020-12-16,3670,159212
2020-12-17,3675,165636
2020-12-18,3346,184619
2020-12-19,1639,168841
2020-12-20,615,124984
2020-12-21,3470,184074
2020-12-22,3092,182015
2020-12-23,2907,168712
2020-12-24,1642,146559
2020-12-25,315,125092
2020-12-26,1450,158127
2020-12-27,447,126962
2020-12-28,3550,184922
2020-12-29,3330,180536
2020-12-30,3012,191620
2020-12-31,1553,167066
2021-01-01,230,161903
2021-01-02,1031,163365
2021-01-03,348,144770
2021-01-04,3173,195038
2021-01-05,3034,165710
2021-01-06,3395,171283
2021-01-07,3540,177845
2021-01-08,3372,193970
2021-01-09,1808,152342
2021-01-10,528,135566
2021-01-11,3755,191334
2021-01-12,3945,191004
2021-01-13,4026,181891
2021-01-14,3729,180267
2021-01-15,3454,194560
2021-01-16,1449,148454
2021-01-17,474,136365
2021-01-18,3765,187479
2021-01-19,3881,179944
2021-01-20,3694,166321
2021-01-21,3449,175515
2021-01-22,3691,193578
2021-01-23,1791,153303
2021-01-24,430,137280
2021-01-25,3331,192349
2021-01-26,3423,188860
2021-01-27,3366,172658
2021-01-28,3443,180623
2021-01-29,3170,203063
2021-01-30,1456,173828
2021-01-31,499,152947
2021-02-01,3869,215769
2021-02-02,4130,169195
2021-02-03,4160,192510
2021-02-04,4038,191533
2021-02-05,3803,179914
2021-02-06,1810,158611
2021-02-07,470,138822
2021-02-08,4101,196079
2021-02-09,4617,171265
2021-02-10,3964,173631
2021-02-11,3469,179513
2021-02-12,3594,195821
2021-02-13,1349,157566
2021-02-14,435,145927
2021-02-15,1142,152001
2021-02-16,1280,134718
2021-02-17,3412,183901
2021-02-18,3344,178569
2021-02-19,3631,198614
2021-02-20,1742,151054
2021-02-21,536,133339
2021-02-22,3487,190593
2021-02-23,3895,165889
2021-02-24,3424,170988
2021-02-25,3552,179669
2021-02-26,3301,204980
2021-02-27,1449,157686
2021-02-28,513,135503
2021-03-01,3482,190282
2021-03-02,3685,160048
2021-03-03,3920,164375
2021-03-04,3684,172031
2021-03-05,3431,163954
2021-03-06,1472,146725
2021-03-07,361,126625
2021-03-08,4268,185130
2021-03-09,4152,155743
2021-03-10,4091,162879
2021-03-11,4728,169663
2021-03-12,4230,180700
2021-03-13,1633,140597
2021-03-14,505,125854
2021-03-15,4026,184970
2021-03-16,4517,170206
2021-03-17,4445,169832
2021-03-18,4224,160378
2021-03-19,4117,201216
2021-03-20,1647,140515
2021-03-21,476,123355
2021-03-22,3774,184614
2021-03-23,3809,163506
2021-03-24,1581,124911
2021-03-25,3739,180563
2021-03-26,3479,200668
2021-03-27,1421,145662
2021-03-28,420,129358
2021-03-29,3535,192132
2021-03-30,3447,182825
2021-03-31,3283,195850
2021-04-01,2869,187449
2021-04-02,889,137413
2021-04-03,1223,169080
2021-04-04,438,144222
2021-04-05,3709,177991
2021-04-06,3804,171528
2021-04-07,4051,169887
2021-04-08,4107,189609
2021-04-09,3646,168243
2021-04-10,1710,148615
2021-04-11,518,120800
2021-04-12,3828,190540
2021-04-13,3746,159868
2021-04-14,5195,172506
2021-04-15,4646,179768
2021-04-16,4835,167005
2021-04-17,2358,144771
2021-04-18,674,121554
2021-04-19,4224,185815
2021-04-20,4311,162628
2021-04-21,3971,167877
2021-04-22,3721,168338
2021-04-23,3512,161281
2021-04-24,1407,141036
2021-04-25,501,121162
2021-04-26,3581,189252
2021-04-27,3580,159745
2021-04-28,3457,159400
2021-04-29,3310,164696
2021-04-30,3350,184262
2021-05-01,653,129589
2021-05-02,442,112894
2021-05-03,3106,173630
2021-05-04,3819,159258
2021-05-05,3105,147813
2021-05-06,3123,152505
2021-05-07,2912,160133
2021-05-08,1419,141207
2021-05-09,421,99993
2021-05-10,3780,157613
2021-05-11,3744,152364
2021-05-12,4372,168604
2021-05-13,3847,151797
2021-05-14,3758,156802
2021-05-15,1777,137362
2021-05-16,567,104120
2021-05-17,3652,158711
2021-05-18,4404,156663
2021-05-19,3227,162578
2021-05-20,3252,147833
2021-05-21,2904,155873
2021-05-22,1331,120832
2021-05-23,420,93637
2021-05-24,1300,115437
2021-05-25,1060,114815
2021-05-26,3314,164452
2021-05-27,3383,145647
2021-05-28,3235,151699
2021-05-29,1484,125942
2021-05-30,516,100523
2021-05-31,3690,185378
2021-06-01,3343,171500
2021-06-02,3346,154132
2021-06-03,4296,168796
2021-06-04,3766,181496
2021-06-05,2129,122530
2021-06-06,886,99192
2021-06-07,4125,171847
2021-06-08,4164,164796
2021-06-09,4515,150593
2021-06-10,4088,156770
2021-06-11,3806,166763
2021-06-12,1775,137393
2021-06-13,832,99995
2021-06-14,4312,176702
2021-06-15,4948,168508
2021-06-16,4910,153133
2021-06-17,5032,157133
2021-06-18,4443,173417
2021-06-19,1616,143465
2021-06-20,593,96499
2021-06-21,1364,109704
2021-06-22,3619,177685
2021-06-23,3395,145287
2021-06-24,3532,152607
2021-06-25,3487,167007
2021-06-26,1612,136725
2021-06-27,639,97810
2021-06-28,3452,162899
2021-06-29,3530,157099
2021-06-30,3511,165527
2021-07-01,3905,174837
2021-07-02,3552,164555
2021-07-03,1470,138089
2021-07-04,751,109697
2021-07-05,3724,152555
2021-07-06,4424,157122
2021-07-07,4449,158506
2021-07-08,4586,171208
2021-07-09,1699,114318
2021-07-10,1698,136806
2021-07-11,582,119087
2021-07-12,4625,179569
2021-07-13,4644,152889
2021-07-14,4260,158432
2021-07-15,5058,178080
2021-07-16,5120,161194
2021-07-17,1682,133361
2021-07-18,672,105453
2021-07-19,4838,179312
2021-07-20,3533,159301
2021-07-21,3662,157079
2021-07-22,4201,166964
2021-07-23,4001,162408
2021-07-24,1481,140941
2021-07-25,628,117238
2021-07-26,4437,182871
2021-07-27,4436,157870
2021-07-28,4349,167229
2021-07-29,4157,169371
2021-07-30,4073,184173
2021-07-31,1524,163283
2021-08-01,668,132582
2021-08-02,4679,171680
2021-08-03,4678,169796
2021-08-04,4437,179166
2021-08-05,4533,161188
2021-08-06,4341,174579
2021-08-07,1652,159577
2021-08-08,723,123567
2021-08-09,4827,170726
2021-08-10,4774,164894
2021-08-11,4661,171077
2021-08-12,4363,170294
2021-08-13,4459,174317
2021-08-14,1613,148869
2021-08-15,524,121479
2021-08-16,1727,112627
2021-08-17,4479,167013
2021-08-18,4821,169837
2021-08-19,4663,170765
2021-08-20,5330,173187
2021-08-21,1774,143610
2021-08-22,581,116515
2021-08-23,4526,162598
2021-08-24,4605,162338
2021-08-25,4605,165872
2021-08-26,4569,179671
2021-08-27,3978,173801
2021-08-28,1599,141387
2021-08-29,557,123235
2021-08-30,4328,183005
2021-08-31,4255,182517
2021-09-01,4818,185258
2021-09-02,4571,173557
2021-09-03,4362,189513
2021-09-04,1772,162074
2021-09-05,609,109452
2021-09-06,4829,178408
2021-09-07,5116,233704
2021-09-08,5195,180660
2021-09-09,4839,167029
2021-09-10,4705,242464
2021-09-11,1767,148874
2021-09-12,608,129556
2021-09-13,5069,176794
2021-09-14,4827,232618
2021-09-15,4976,180718
2021-09-16,4903,164438
2021-09-17,4820,239132
2021-09-18,1824,153629
2021-09-19,680,125273
2021-09-20,4837,181033
2021-09-21,4757,234990
2021-09-22,4946,177849
2021-09-23,4706,161778
2021-09-24,4341,236042
2021-09-25,1691,154889
2021-09-26,552,130668
2021-09-27,4160,164403
2021-09-28,4798,179938
2021-09-29,4669,179107
2021-09-30,4943,259838
2021-10-01,4457,199980
2021-10-02,1710,149496
2021-10-03,643,184492
2021-10-04,5054,199610
2021-10-05,5105,160855
2021-10-06,4988,169169
2021-10-07,4469,186698
2021-10-08,2363,148085
2021-10-09,1908,149617
2021-10-10,681,127739
2021-10-11,1769,132963
2021-10-12,5339,201697
2021-10-13,5364,172741
2021-10-14,5566,193322
2021-10-15,5026,201720
2021-10-16,1957,155470
2021-10-17,729,114185
2021-10-18,5964,189693
2021-10-19,5003,190805
2021-10-20,5489,172346
2021-10-21,4871,177556
2021-10-22,5012,192377
2021-10-23,1824,144472
2021-10-24,644,123361
2021-10-25,4988,193441
2021-10-26,5537,190634
2021-10-27,4488,172981
2021-10-28,4836,177447
2021-10-29,4334,193872
2021-10-30,1322,168295
2021-10-31,540,143775
2021-11-01,6125,216732
2021-11-02,5481,186571
2021-11-03,6986,194337
2021-11-04,5866,212101
2021-11-05,5225,188671
2021-11-06,2164,155975
2021-11-07,714,128836
2021-11-08,6165,209898
2021-11-09,5354,171456
2021-11-10,5012,176376
2021-11-11,4750,182120
2021-11-12,5579,199578
2021-11-13,2495,147267
2021-11-14,689,124052
2021-11-15,5058,199172
2021-11-16,6163,173911
2021-11-17,5917,179125
2021-11-18,5105,185231
2021-11-19,5191,200784
2021-11-20,1633,136485
2021-11-21,477,133367
2021-11-22,1875,138428
2021-11-23,5193,189575
2021-11-24,5113,180838
2021-11-25,4806,187064
2021-11-26,4489,202933
2021-11-27,2027,150087
2021-11-28,673,125874
2021-11-29,4821,198654
2021-11-30,5253,193707
2021-12-01,5171,198903
2021-12-02,4978,179729
2021-12-03,4745,198023
2021-12-04,2050,168923
2021-12-05,689,119652
2021-12-06,6408,194278
2021-12-07,6560,194794
2021-12-08,2429,143192
2021-12-09,5719,183492
2021-12-10,5243,193798
2021-12-11,2349,166694
2021-12-12,840,136818
2021-12-13,5312,187593
2021-12-14,5141,184070
2021-12-15,5074,190090
2021-12-16,4975,176597
2021-12-17,5090,199310
2021-12-18,2170,175872
2021-12-19,576,142914
2021-12-20,4623,199523
2021-12-21,4986,199077
2021-12-22,4915,207026
2021-12-23,3932,190323
2021-12-24,1985,161258
2021-12-25,424,128115
2021-12-26,689,141174
2021-12-27,4636,193608
2021-12-28,4491,188024
2021-12-29,4239,194901
2021-12-30,3946,200076
2021-12-31,1888,170320
2022-01-01,534,159704
2022-01-02,849,139623
2022-01-03,5010,200621
2022-01-04,4882,196098
2022-01-05,4863,177546
2022-01-06,4644,186769
2022-01-07,4654,195628
2022-01-08,1932,168748
2022-01-09,626,126405
2022-01-10,5040,190508
2022-01-11,4498,189558
2022-01-12,4443,192033
2022-01-13,4324,181234
2022-01-14,3826,189467
2022-01-15,1771,169984
2022-01-16,616,131546
2022-01-17,4734,194962
2022-01-18,5062,189364
2022-01-19,5133,195372
2022-01-20,5093,187052
2022-01-21,4622,204551
2022-01-22,1984,170438
2022-01-23,553,133165
2022-01-24,4882,198579
2022-01-25,4625,193850
2022-01-26,5302,205121
2022-01-27,4748,191534
2022-01-28,4764,198094
2022-01-29,2018,177450
2022-01-30,470,154483
2022-01-31,5085,218062
2022-02-01,5099,214322
2022-02-02,4924,190767
2022-02-03,5075,198032
2022-02-04,5655,223605
2022-02-05,2552,162790
2022-02-06,737,136167
2022-02-07,5204,204653
2022-02-08,5409,198738
2022-02-09,5503,176011
2022-02-10,4915,167846
2022-02-11,5563,200238
2022-02-12,2536,177611
2022-02-13,612,135801
2022-02-14,4883,201327
2022-02-15,5476,197283
2022-02-16,5280,180115
2022-02-17,5101,186925
2022-02-18,5212,202170
2022-02-19,2306,171962
2022-02-20,741,136033
2022-02-21,5344,203189
2022-02-22,5525,198186
2022-02-23,5283,180589
2022-02-24,5211,200367
2022-02-25,5005,215536
2022-02-26,2139,191702
2022-02-27,880,147362
2022-02-28,1973,168151
2022-03-01,1680,155218
2022-03-02,6041,194247
2022-03-03,5564,183635
2022-03-04,6050,213344
2022-03-05,3044,151768
2022-03-06,998,125493
2022-03-07,5887,193524
2022-03-08,6320,196629
2022-03-09,5184,166698
2022-03-10,5974,174666
2022-03-11,6346,194975
2022-03-12,3106,155548
2022-03-13,931,112405
2022-03-14,5984,194420
2022-03-15,5611,200526
2022-03-16,5698,171823
2022-03-17,5670,180384
2022-03-18,5113,177792
2022-03-19,2446,161073
2022-03-20,715,118738
2022-03-21,5679,195006
2022-03-22,5697,187385
2022-03-23,5164,182615
2022-03-24,2517,133729
2022-03-25,5872,212331
2022-03-26,2932,163362
2022-03-27,826,116777
2022-03-28,5548,211039
2022-03-29,5642,193248
2022-03-30,5371,191844
2022-03-31,5462,207777
2022-04-01,5385,223431
2022-04-02,2261,141054
2022-04-03,913,128311
2022-04-04,6355,230539
2022-04-05,6604,181896
2022-04-06,6637,192951
2022-04-07,5984,189111
2022-04-08,5803,218839
2022-04-09,2449,150324
2022-04-10,962,123492
2022-04-11,5845,202910
2022-04-12,5484,208132
2022-04-13,5060,187126
2022-04-14,4288,163357
2022-04-15,1585,138208
2022-04-16,2109,148662
2022-04-17,705,117746
2022-04-18,5630,189567
2022-04-19,5958,194647
2022-04-20,5701,180034
2022-04-21,5609,185968
2022-04-22,5644,195028
2022-04-23,2417,141023
2022-04-24,760,122051
2022-04-25,5623,201668
2022-04-26,5718,193833
2022-04-27,5252,186528
2022-04-28,5127,186022
2022-04-29,5005,191150
2022-04-30,2163,163754
2022-05-01,597,119921
2022-05-02,5617,186423
2022-05-03,6003,180996
2022-05-04,5787,190763
2022-05-05,6028,180619
2022-05-06,5455,194434
2022-05-07,2315,159099
2022-05-08,623,126713
2022-05-09,6083,188727
2022-05-10,6129,182630
2022-05-11,6129,183910
2022-05-12,5967,189348
2022-05-13,5486,180045
2022-05-14,2261,150243
2022-05-15,884,119845
2022-05-16,5717,181048
2022-05-17,5643,177068
2022-05-18,2136,108682
2022-05-19,5716,192986
2022-05-20,5629,181817
2022-05-21,2673,143745
2022-05-22,922,125596
2022-05-23,5797,186856
2022-05-24,5946,177357
2022-05-25,1795,119963
2022-05-26,6077,198424
2022-05-27,5388,185380
2022-05-28,3106,146632
2022-05-29,981,118061
2022-05-30,9087,205315
2022-05-31,8360,209140
2022-06-01,8232,213218
2022-06-02,5931,191464
2022-06-03,6212,209649
2022-06-04,3065,170016
2022-06-05,1143,113401
2022-06-06,6155,202410
2022-06-07,6110,193067
2022-06-08,6664,198154
2022-06-09,6384,178740
2022-06-10,5651,187763
2022-06-11,2489,156325
2022-06-12,901,122415
2022-06-13,6033,190640
2022-06-14,6010,192614
2022-06-15,5671,195873
2022-06-16,5048,204430
2022-06-17,2322,143148
2022-06-18,2247,163946
2022-06-19,734,129236
2022-06-20,2022,121951
2022-06-21,5958,204875
2022-06-22,5626,185001
2022-06-23,5445,178487
2022-06-24,4828,184295
2022-06-25,2343,153378
2022-06-26,527,125308
2022-06-27,5237,202185
2022-06-28,5246,188819
2022-06-29,5236,183678
2022-06-30,4787,186741
2022-07-01,5292,214383
2022-07-02,2205,157708
2022-07-03,970,122508
2022-07-04,5807,208373
2022-07-05,5861,187678
2022-07-06,5925,182397
2022-07-07,6001,186027
2022-07-08,5292,201377
2022-07-09,1967,127291
2022-07-10,1191,115166
2022-07-11,6141,204731
2022-07-12,6093,199374
2022-07-13,6408,182839
2022-07-14,5465,192575
2022-07-15,6216,202483
2022-07-16,3231,161439
2022-07-17,1343,122404
2022-07-18,6444,200447
2022-07-19,5886,200402
2022-07-20,5482,193872
2022-07-21,5553,191742
2022-07-22,5619,202052
2022-07-23,2528,153004
2022-07-24,1141,128891
2022-07-25,6339,199912
2022-07-26,6347,223595
2022-07-27,6355,210580
2022-07-28,6220,197771
2022-07-29,6252,223400
2022-07-30,3086,182371
2022-07-31,1625,152226
2022-08-01,6606,233339
2022-08-02,6866,203610
2022-08-03,6803,206219
2022-08-04,7140,218850
2022-08-05,6498,205384
2022-08-06,3396,171323
2022-08-07,1243,137523
2022-08-08,7089,230391
2022-08-09,7146,197450
2022-08-10,6899,201120
2022-08-11,6332,206785
2022-08-12,5817,229564
2022-08-13,2338,178548
2022-08-14,703,143354
2022-08-15,2073,164384
2022-08-16,5825,209607
2022-08-17,5510,196788
2022-08-18,5561,202635
2022-08-19,4714,210087
2022-08-20,2366,158373
2022-08-21,488,125259
2022-08-22,5221,210005
2022-08-23,5226,181749
2022-08-24,4985,186583
2022-08-25,5038,200811
2022-08-26,4931,230411
2022-08-27,2359,161639
2022-08-28,771,131576
2022-08-29,5375,214330
2022-08-30,5546,210451
2022-08-31,4636,220385
2022-09-01,5931,223881
2022-09-02,3845,171122
2022-09-03,2240,190958
2022-09-04,715,154188
2022-09-05,6289,211012
2022-09-06,6070,207988
2022-09-07,6441,211002
2022-09-08,5967,226691
2022-09-09,5606,210467
2022-09-10,2516,170965
2022-09-11,847,146316
2022-09-12,5907,249171
2022-09-13,5972,196409
2022-09-14,5961,203941
2022-09-15,5903,223706
2022-09-16,5686,200569
2022-09-17,2585,166337
2022-09-18,853,139676
2022-09-19,6213,228078
2022-09-20,6157,192165
2022-09-21,6135,190165
2022-09-22,5988,207179
2022-09-23,5599,202402
2022-09-24,2489,168264
2022-09-25,1062,153310
2022-09-26,5922,213505
2022-09-27,6759,209967
2022-09-28,5905,212139
2022-09-29,6110,219814
2022-09-30,6002,244118
2022-10-01,2293,193784
2022-10-02,817,144241
2022-10-03,5593,223548
2022-10-04,6324,226477
2022-10-05,7313,208939
2022-10-06,6484,230092
2022-10-07,2590,179632
2022-10-08,2513,188382
2022-10-09,536,151775
2022-10-10,1931,152579
2022-10-11,5921,235452
2022-10-12,5707,230298
2022-10-13,5323,201441
2022-10-14,4651,214433
2022-10-15,2035,199090
2022-10-16,475,134632
2022-10-17,5107,216446
2022-10-18,5336,211505
2022-10-19,5113,218222
2022-10-20,5082,202325
2022-10-21,4549,212681
2022-10-22,2107,179519
2022-10-23,509,144109
2022-10-24,5477,222156
2022-10-25,5250,223653
2022-10-26,5341,224611
2022-10-27,4933,213852
2022-10-28,4975,235879
2022-10-29,2110,196261
2022-10-30,594,164810
2022-10-31,6534,254197
2022-11-01,5979,244413
2022-11-02,6593,220181
2022-11-03,5774,229579
2022-11-04,5297,252257
2022-11-05,2400,183570
2022-11-06,859,155605
2022-11-07,5740,242446
2022-11-08,5929,231385
2022-11-09,6287,204142
2022-11-10,5920,232779
2022-11-11,5470,247520
2022-11-12,2821,199854
2022-11-13,860,149461
2022-11-14,6282,248011
2022-11-15,6577,231483
2022-11-16,5667,213976
2022-11-17,5582,215936
2022-11-18,5003,232544
2022-11-19,2359,204973
2022-11-20,707,153238
2022-11-21,2699,168686
2022-11-22,5575,264659
2022-11-23,5462,220574
2022-11-24,5649,232962
2022-11-25,6277,244905
2022-11-26,2736,228758
2022-11-27,1417,166598
2022-11-28,5998,246379
2022-11-29,6202,239655
2022-11-30,5844,247414
2022-12-01,5606,252300
2022-12-02,5927,239170
2022-12-03,2665,204785
2022-12-04,889,169596
2022-12-05,6130,231456
2022-12-06,6180,240420
2022-12-07,5299,246769
2022-12-08,2586,188169
2022-12-09,1742,154151
2022-12-10,2787,215161
2022-12-11,1034,194100
2022-12-12,6419,270552
2022-12-13,5445,220860
2022-12-14,5899,250735
2022-12-15,6162,250132
2022-12-16,6226,234315
2022-12-17,3142,203445
2022-12-18,594,184397
2022-12-19,5683,277340
2022-12-20,4748,214708
2022-12-21,5788,261776
2022-12-22,5571,270861
2022-12-23,5082,252546
2022-12-24,1882,195824
2022-12-25,708,152849
2022-12-26,5263,273706
2022-12-27,4742,244493
2022-12-28,4779,249323
2022-12-29,4683,249073
2022-12-30,4270,251137
2022-12-31,1573,209934
2023-01-01,552,161535
2023-01-02,4487,278687
2023-01-03,4631,245454
2023-01-04,4882,258249
2023-01-05,4943,245977
2023-01-06,4576,275573
2023-01-07,2316,231274
2023-01-08,937,196720
2023-01-09,4795,267108
2023-01-10,5108,255465
2023-01-11,4525,248080
2023-01-12,4193,257089
2023-01-13,4437,248452
2023-01-14,2469,213565
2023-01-15,747,184737
2023-01-16,4559,242862
2023-01-17,3844,231095
2023-01-18,9590,255195
2023-01-19,4133,255229
2023-01-20,3635,246158
2023-01-21,1958,216081
2023-01-22,551,191609
2023-01-23,4249,253995
2023-01-24,4734,237104
2023-01-25,4736,261908
2023-01-26,4558,271268
2023-01-27,3982,262800
2023-01-28,1915,220971
2023-01-29,514,190268
2023-01-30,4689,268810
2023-01-31,4916,265356
2023-02-01,5616,270847
2023-02-02,5470,253597
2023-02-03,5126,261216
2023-02-04,2473,239039
2023-02-05,778,190112
2023-02-06,5058,254621
2023-02-07,5698,242628
2023-02-08,5380,274549
2023-02-09,5029,243524
2023-02-10,4687,253847
2023-02-11,2191,226663
2023-02-12,869,197031
2023-02-13,4923,244994
2023-02-14,5527,244975
2023-02-15,5672,240272
2023-02-16,4237,224883
2023-02-17,4233,239281
2023-02-18,2046,216706
2023-02-19,679,190850
2023-02-20,1492,183676
2023-02-21,1932,186880
2023-02-22,4613,270224
2023-02-23,4784,231733
2023-02-24,4879,271051
2023-02-25,2277,238009
2023-02-26,802,203491
2023-02-27,4849,245667
2023-02-28,5254,244091
2023-03-01,4795,258833
2023-03-02,5337,229679
2023-03-03,4979,236530
2023-03-04,2597,214875
2023-03-05,1090,151777
2023-03-06,5641,237863
2023-03-07,5792,242504
2023-03-08,5165,231036
2023-03-09,5146,210191
2023-03-10,5140,242425
2023-03-11,2618,214293
2023-03-12,1177,167189
2023-03-13,5481,229637
2023-03-14,5653,227731
2023-03-15,5158,222630
2023-03-16,4914,210722
2023-03-17,4828,230642
2023-03-18,2067,192531
2023-03-19,796,170922
2023-03-20,4455,234638
2023-03-21,4735,226450
2023-03-22,4489,220816
2023-03-23,3943,227054
2023-03-24,1794,186487
2023-03-25,1807,208249
2023-03-26,715,204629
2023-03-27,4417,257366
2023-03-28,4582,251769
2023-03-29,4329,243932
2023-03-30,4318,246141
2023-03-31,4826,276633
2023-04-01,1605,233837
2023-04-02,791,165639
2023-04-03,4086,250788
2023-04-04,3782,247845
2023-04-05,3849,231119
2023-04-06,3345,222932
2023-04-07,1340,171754
2023-04-08,1465,218269
2023-04-09,586,168706
2023-04-10,3916,256301
2023-04-11,4335,221955
2023-04-12,4303,235438
2023-04-13,4191,231412
2023-04-14,3996,218419
2023-04-15,1913,195803
2023-04-16,604,149367
2023-04-17,4405,222129
2023-04-18,4296,212985
2023-04-19,4512,224023
2023-04-20,4331,206008
2023-04-21,3939,217004
2023-04-22,1420,194569
2023-04-23,623,156396
2023-04-24,3914,214758
2023-04-25,4713,255114
2023-04-26,4671,238656
2023-04-27,4592,224925
2023-04-28,3666,228833
2023-04-29,1624,207782
2023-04-30,837,191767
2023-05-01,639,164587
2023-05-02,4323,238707
2023-05-03,4451,220995
2023-05-04,3995,219544
2023-05-05,4003,230018
2023-05-06,2147,186436
2023-05-07,640,163963
2023-05-08,5141,251850
2023-05-09,5010,208026
2023-05-10,4759,226710
2023-05-11,4365,217698
2023-05-12,4013,233200
2023-05-13,1702,209172
2023-05-14,768,157200
2023-05-15,4202,234378
2023-05-16,4026,207669
2023-05-17,4586,212239
2023-05-18,4356,216542
2023-05-19,4004,229732
2023-05-20,1920,177595
2023-05-21,808,150086
2023-05-22,4658,229178
2023-05-23,4182,226066
2023-05-24,3930,209998
2023-05-25,1499,194368
2023-05-26,1371,192852
2023-05-27,1601,200220
2023-05-28,704,154185
2023-05-29,4321,235424
2023-05-30,4336,227585
2023-05-31,4412,258034
2023-06-01,3988,255765
2023-06-02,4415,236564
2023-06-03,1728,209861
2023-06-04,897,166587
2023-06-05,4272,227381
2023-06-06,4471,230529
2023-06-07,4518,228871
2023-06-08,4177,256600
2023-06-09,4111,242299
2023-06-10,1892,197502
2023-06-11,823,153056
2023-06-12,4528,274303
2023-06-13,4174,207358
2023-06-14,4196,219769
2023-06-15,4104,233671
2023-06-16,3880,239732
2023-06-17,1487,208264
2023-06-18,709,150693
2023-06-19,1496,166194
2023-06-20,1705,150912
2023-06-21,4367,235417
2023-06-22,4259,243415
2023-06-23,4091,214912
2023-06-24,1956,230722
2023-06-25,791,165421
2023-06-26,4487,266452
2023-06-27,4434,222615
2023-06-28,3921,222301
2023-06-29,3933,235015
2023-06-30,4115,257067
2023-07-01,1377,213584
2023-07-02,661,155371
2023-07-03,4103,232756
2023-07-04,4270,230637
2023-07-05,4387,212167
2023-07-06,4253,219786
2023-07-07,3778,221624
2023-07-08,1704,212019
2023-07-09,793,159185
2023-07-10,3853,228498
2023-07-11,4675,220609
2023-07-12,4159,246524
2023-07-13,3972,236349
2023-07-14,3556,228774
2023-07-15,1353,202569
2023-07-16,709,151626
2023-07-17,4756,240949
2023-07-18,4014,217416
2023-07-19,3817,243879
2023-07-20,3712,213205
2023-07-21,3203,229959
2023-07-22,1473,214219
2023-07-23,855,170666
2023-07-24,4384,247533
2023-07-25,4314,247935
2023-07-26,4434,245420
2023-07-27,4140,220385
2023-07-28,3371,223599
2023-07-29,1394,210575
2023-07-30,699,163840
2023-07-31,3905,261594
2023-08-01,3886,256610
2023-08-02,4113,233607
2023-08-03,4129,239791
2023-08-04,3644,255624
2023-08-05,1552,192491
2023-08-06,785,161608
2023-08-07,3925,257418
2023-08-08,4442,244346
2023-08-09,4101,211476
2023-08-10,4003,217852
2023-08-11,4108,260636
2023-08-12,1374,221750
2023-08-13,747,151958
2023-08-14,4349,233052
2023-08-15,4754,235189
2023-08-16,4779,226061
2023-08-17,3976,213404
2023-08-18,3671,241444
2023-08-19,1535,211612
2023-08-20,768,159434
2023-08-21,1463,172097
2023-08-22,4040,236638
2023-08-23,3990,247828
2023-08-24,3986,225425
2023-08-25,3637,239692
2023-08-26,1541,211873
2023-08-27,771,152748
2023-08-28,3496,230878
2023-08-29,3632,222699
2023-08-30,3677,228814
2023-08-31,3399,256124
2023-09-01,3203,268033
2023-09-02,1306,197180
2023-09-03,750,163006
2023-09-04,3525,243960
2023-09-05,3452,219739
2023-09-06,3851,240700
2023-09-07,3590,235446
2023-09-08,3232,240906
2023-09-09,1212,184592
2023-09-10,663,182146
2023-09-11,3797,245921
2023-09-12,3635,240194
2023-09-13,3503,212622
2023-09-14,3492,218439
2023-09-15,3047,250259
2023-09-16,1120,193551
2023-09-17,550,153068
2023-09-18,3451,224658
2023-09-19,3257,214674
2023-09-20,3094,192135
2023-09-21,5203,203926
2023-09-22,3619,254507
2023-09-23,1150,217013
2023-09-24,731,167393
2023-09-25,3478,232499
2023-09-26,3941,253411
2023-09-27,3796,223171
2023-09-28,3578,222792
2023-09-29,2998,240324
2023-09-30,1396,229200
2023-10-01,816,188401
2023-10-02,3726,258018
2023-10-03,3898,231614
2023-10-04,3931,234213
2023-10-05,3749,225329
2023-10-06,3659,252107
2023-10-07,1472,213952
2023-10-08,744,170276
2023-10-09,3842,219481
2023-10-10,4265,246582
2023-10-11,4008,249010
2023-10-12,3370,256412
2023-10-13,1730,177346
2023-10-14,1272,211008
2023-10-15,708,183427
2023-10-16,1540,162349
2023-10-17,3795,232591
2023-10-18,3714,228378
2023-10-19,4198,243238
2023-10-20,3372,243724
2023-10-21,1657,185937
2023-10-22,917,171660
2023-10-23,3558,233564
2023-10-24,3837,234655
2023-10-25,3503,249826
2023-10-26,2788,235506
2023-10-27,2637,225265
2023-10-28,1007,194791
2023-10-29,439,150711
2023-10-30,3228,238718
2023-10-31,2918,247277
2023-11-01,3663,254580
2023-11-02,3548,226187
2023-11-03,3041,266043
2023-11-04,1050,224003
2023-11-05,461,167734
2023-11-06,4266,237289
2023-11-07,4006,224964
2023-11-08,4038,233413
2023-11-09,3095,245344
2023-11-10,2765,236976
2023-11-11,1244,202661
2023-11-12,544,168987
2023-11-13,3499,217087
2023-11-14,3328,221071
2023-11-15,3070,247482
2023-11-16,2875,208711
2023-11-17,4063,220941
2023-11-18,1105,192660
2023-11-19,538,179342
2023-11-20,1086,144935
2023-11-21,4764,237810
2023-11-22,3220,232357
2023-11-23,3115,219974
2023-11-24,2892,225646
2023-11-25,1339,192873
2023-11-26,796,171548
2023-11-27,3545,213224
2023-11-28,3511,209885
2023-11-29,3181,211904
2023-11-30,3341,250275
2023-12-01,3355,245329
2023-12-02,1597,193869
2023-12-03,1063,159160
2023-12-04,4416,233913
2023-12-05,4420,217291
2023-12-06,4108,225676
2023-12-07,5298,247853
2023-12-08,1821,185928
2023-12-09,2034,213084
2023-12-10,1311,172216
2023-12-11,3937,236361
2023-12-12,3564,225365
2023-12-13,3956,205195
2023-12-14,3414,230814
2023-12-15,3011,233847
2023-12-16,1308,182554
2023-12-17,468,195889
2023-12-18,3472,243271
2023-12-19,3446,239304
2023-12-20,3153,208858
2023-12-21,2868,238557
2023-12-22,2540,252774
2023-12-23,879,204644
2023-12-24,231,155212
2023-12-25,260,148308
2023-12-26,2907,241574
2023-12-27,3082,201983
2023-12-28,2977,201958
2023-12-29,2717,222994
2023-12-30,998,192847
2023-12-31,265,178397
2024-01-01,187,178189
2024-01-02,3116,215984
2024-01-03,3190,221861
2024-01-04,3228,242558
2024-01-05,3310,219980
2024-01-06,1312,190639
2024-01-07,389,165496
2024-01-08,3236,250235
2024-01-09,3159,213770
2024-01-10,3180,205251
2024-01-11,2937,212833
2024-01-12,2664,225133
2024-01-13,969,188063
2024-01-14,439,168424
2024-01-15,3052,217767
2024-01-16,3376,196893
2024-01-17,3214,204335
2024-01-18,2869,220066
2024-01-19,3395,224904
2024-01-20,1236,197580
2024-01-21,443,169305
2024-01-22,3554,226682
2024-01-23,3206,218089
2024-01-24,3110,192383
2024-01-25,3139,226727
2024-01-26,3236,230057
2024-01-27,1260,184408
2024-01-28,549,156770
2024-01-29,3650,220421
2024-01-30,3228,213400
2024-01-31,4303,239458
2024-02-01,4130,256485
2024-02-02,3502,240208
2024-02-03,1300,219084
2024-02-04,672,183560
2024-02-05,3903,214626
2024-02-06,3682,224117
2024-02-07,3773,246486
2024-02-08,3218,250303
2024-02-09,2940,220843
2024-02-10,898,203876
2024-02-11,383,179581
2024-02-12,1078,193846
2024-02-13,1159,181703
2024-02-14,3217,234166
2024-02-15,3482,246360
2024-02-16,3850,218295
2024-02-17,1053,197443
2024-02-18,385,163388
2024-02-19,3095,253423
2024-02-20,3225,218404
2024-02-21,3146,218120
2024-02-22,2903,227569
2024-02-23,3261,222141
2024-02-24,1104,192887
2024-02-25,550,171384
2024-02-26,3483,227958
2024-02-27,3645,209037
2024-02-28,3977,216150
2024-02-29,3656,245196
2024-03-01,2932,239204
2024-03-02,1134,186713
2024-03-03,523,157116
2024-03-04,3878,242634
2024-03-05,3572,205437
2024-03-06,3694,227942
2024-03-07,3506,218916
2024-03-08,3748,250689
2024-03-09,1418,193073
2024-03-10,745,148641
2024-03-11,3412,220833
2024-03-12,2946,222349
2024-03-13,4849,218519
2024-03-14,3998,223344
2024-03-15,5158,231360
2024-03-16,1445,170970
2024-03-17,700,142020
2024-03-18,3934,215417
2024-03-19,4609,238556
2024-03-20,4587,222345
2024-03-21,3652,232373
2024-03-22,3416,257184
2024-03-23,1059,200153
2024-03-24,439,149299
2024-03-25,3647,232923
2024-03-26,3197,222807
2024-03-27,2929,213545
2024-03-28,2676,201306
2024-03-29,1102,174148
2024-03-30,815,203342
2024-03-31,347,190942
2024-04-01,1286,188960
2024-04-02,1380,169738
2024-04-03,3384,261168
2024-04-04,3388,240221
2024-04-05,2762,218898
2024-04-06,855,191873
2024-04-07,479,175332
2024-04-08,6346,261546
2024-04-09,5072,218526
2024-04-10,3283,209893
2024-04-11,3221,206265
2024-04-12,2900,232411
2024-04-13,1103,176058
2024-04-14,507,141675
2024-04-15,3217,229408
2024-04-16,3556,207276
2024-04-17,3458,214486
2024-04-18,3043,210977
2024-04-19,4087,245317
2024-04-20,1048,192224
2024-04-21,368,156830
2024-04-22,3668,228818
2024-04-23,3898,210989
2024-04-24,3520,215281
2024-04-25,3987,211195
2024-04-26,3705,235149
2024-04-27,1154,173911
2024-04-28,463,144220
2024-04-29,3567,213164
2024-04-30,3761,239083
2024-05-01,628,143479
2024-05-02,3393,234137
2024-05-03,5689,241365
2024-05-04,2021,197567
2024-05-05,569,133094
2024-05-06,4536,218152
2024-05-07,5144,228177
2024-05-08,4468,230163
2024-05-09,3980,163220
2024-05-10,3876,218386
2024-05-11,1468,175692
2024-05-12,544,145543
2024-05-13,5732,221840
2024-05-14,6135,210691
2024-05-15,6242,210661
2024-05-16,4769,201054
2024-05-17,4958,217363
2024-05-18,2130,177056
2024-05-19,1393,153081
2024-05-20,4281,223585
2024-05-21,4303,206900
2024-05-22,4149,216838
2024-05-23,4264,206062
2024-05-24,3644,223782
2024-05-25,1109,151074
2024-05-26,710,134862
2024-05-27,6057,225208
2024-05-28,5496,205943
2024-05-29,3852,201900
2024-05-30,3960,219293
2024-05-31,3941,255330
2024-06-01,1491,196743
2024-06-02,766,143019
2024-06-03,5465,228871
2024-06-04,5249,226146
2024-06-05,6747,204405
2024-06-06,4565,226440
2024-06-07,8696,248961
2024-06-08,3026,189082
2024-06-09,1117,129246
2024-06-10,8228,231152
2024-06-11,6371,237467
2024-06-12,5465,233003
2024-06-13,5006,224295
2024-06-14,4138,225584
2024-06-15,1408,189854
2024-06-16,694,130512
2024-06-17,1350,133882
2024-06-18,6953,244152
2024-06-19,4417,239978
2024-06-20,2071,144808
2024-06-21,1727,154475
2024-06-22,1395,184650
2024-06-23,579,141858
2024-06-24,5589,217719
2024-06-25,5771,227168
2024-06-26,5205,212914
2024-06-27,4909,209112
2024-06-28,4597,226197
2024-06-29,1593,165071
2024-06-30,661,148723
2024-07-01,4834,233739
2024-07-02,4905,211058
2024-07-03,3008,211520
2024-07-04,7442,218117
2024-07-05,5899,204373
2024-07-06,2290,178198
2024-07-07,619,137479
2024-07-08,5497,217076
2024-07-09,1846,122676
2024-07-10,5528,211627
2024-07-11,6340,211356
2024-07-12,5472,222796
2024-07-13,1978,151947
2024-07-14,539,132314
2024-07-15,4880,216373
2024-07-16,6048,198518
2024-07-17,5371,201872
2024-07-18,3562,215586
