date,pred,calculated_at
2019-12-12,4503.0757,2024-08-22 02:05:19.709968
2019-12-13,3690.1548,2024-08-22 02:05:19.709968
2019-12-14,2657.3467,2024-08-22 02:05:19.709968
2019-12-15,2125.2124,2024-08-22 02:05:19.709968
2019-12-16,4572.128,2024-08-22 02:05:19.709968
2019-12-17,4284.577,2024-08-22 02:05:19.709968
2019-12-18,3759.0012,2024-08-22 02:05:19.709968
2019-12-19,4822.3125,2024-08-22 03:37:21.230892
2019-12-20,4054.4763,2024-08-22 03:37:21.230892
2019-12-21,1661.7367,2024-08-22 03:37:21.230892
2019-12-22,1262.6858,2024-08-22 03:37:21.230892
2019-12-23,4335.4307,2024-08-22 03:37:21.230892
2019-12-24,4112.1846,2024-08-22 03:37:21.230892
2019-12-25,4509.064,2024-08-22 03:37:21.230892
2019-12-26,3317.1985,2024-08-22 05:22:32.037969
2019-12-27,3943.0513,2024-08-22 05:22:32.037969
2019-12-28,1713.854,2024-08-22 05:22:32.037969
2019-12-29,579.0796,2024-08-22 05:22:32.037969
2019-12-30,4913.4346,2024-08-22 05:22:32.037969
2019-12-31,3858.5183,2024-08-22 05:22:32.037969
2020-01-01,3568.2732,2024-08-22 05:22:32.037969
2020-01-02,3531.788,2024-08-22 19:27:40.555535
2020-01-03,3944.4897,2024-08-22 19:27:40.555535
2020-01-04,2315.8606,2024-08-22 19:27:40.555535
2020-01-05,562.74536,2024-08-22 19:27:40.555535
2020-01-06,4567.769,2024-08-22 19:27:40.555535
2020-01-07,4258.241,2024-08-22 19:27:40.555535
2020-01-08,4613.0605,2024-08-22 19:27:40.555535
2020-01-09,5025.957,2024-08-22 21:23:18.414734
2020-01-10,4215.967,2024-08-22 21:23:18.414734
2020-01-11,2025.5144,2024-08-22 21:23:18.414734
2020-01-12,2029.7987,2024-08-22 21:23:18.414734
2020-01-13,4829.757,2024-08-22 21:23:18.414734
2020-01-14,4170.8394,2024-08-22 21:23:18.414734
2020-01-15,4860.177,2024-08-22 21:23:18.414734
2020-01-16,4502.4814,2024-08-22 04:55:27.132462
2020-01-17,3666.8374,2024-08-22 04:55:27.132462
2020-01-18,2302.5251,2024-08-22 04:55:27.132462
2020-01-19,1348.7462,2024-08-22 04:55:27.132462
2020-01-20,4603.8027,2024-08-22 04:55:27.132462
2020-01-21,4835.2,2024-08-22 04:55:27.132462
2020-01-22,4074.62,2024-08-22 04:55:27.132462
2020-01-23,4187.779,2024-08-22 02:36:58.312817
2020-01-24,3244.7395,2024-08-22 02:36:58.312817
2020-01-25,1129.9373,2024-08-22 02:36:58.312817
2020-01-26,737.6758,2024-08-22 02:36:58.312817
2020-01-27,4266.0093,2024-08-22 02:36:58.312817
2020-01-28,4633.7417,2024-08-22 02:36:58.312817
2020-01-29,4235.6685,2024-08-22 02:36:58.312817
2020-01-30,4221.4854,2024-08-23 03:46:14.118413
2020-01-31,3456.374,2024-08-23 03:46:14.118413
2020-02-01,1406.1316,2024-08-23 03:46:14.118413
2020-02-02,699.45654,2024-08-23 03:46:14.118413
2020-02-03,4643.1685,2024-08-23 03:46:14.118413
2020-02-04,4512.039,2024-08-23 03:46:14.118413
2020-02-05,4670.789,2024-08-23 03:46:14.118413
2020-02-06,4329.9463,2024-08-23 00:45:57.882743
2020-02-07,3284.4075,2024-08-23 00:45:57.882743
2020-02-08,1169.3789,2024-08-23 00:45:57.882743
2020-02-09,-120.48779,2024-08-23 00:45:57.882743
2020-02-10,4186.7515,2024-08-23 00:45:57.882743
2020-02-11,3959.2034,2024-08-23 00:45:57.882743
2020-02-12,3748.3953,2024-08-23 00:45:57.882743
2020-02-13,4595.662,2024-08-22 20:56:47.286410
2020-02-14,3578.3105,2024-08-22 20:56:47.286410
2020-02-15,1483.7423,2024-08-22 20:56:47.286410
2020-02-16,655.7175,2024-08-22 20:56:47.286410
2020-02-17,4018.8452,2024-08-22 20:56:47.286410
2020-02-18,4168.5317,2024-08-22 20:56:47.286410
2020-02-19,4163.0864,2024-08-22 20:56:47.286410
2020-02-20,5030.7104,2024-08-22 06:32:09.169300
2020-02-21,4137.7827,2024-08-22 06:32:09.169300
2020-02-22,1673.0739,2024-08-22 06:32:09.169300
2020-02-23,1506.6244,2024-08-22 06:32:09.169300
2020-02-24,4639.808,2024-08-22 06:32:09.169300
2020-02-25,4608.4014,2024-08-22 06:32:09.169300
2020-02-26,3838.1172,2024-08-22 06:32:09.169300
2020-02-27,4342.223,2024-08-22 19:57:49.156067
2020-02-28,2912.354,2024-08-22 19:57:49.156067
2020-02-29,2240.3535,2024-08-22 19:57:49.156067
2020-03-01,675.1074,2024-08-22 19:57:49.156067
2020-03-02,3739.8992,2024-08-22 19:57:49.156067
2020-03-03,3926.3909,2024-08-22 19:57:49.156067
2020-03-04,3776.539,2024-08-22 19:57:49.156067
2020-03-05,4530.157,2024-08-22 12:42:38.306810
2020-03-06,3502.1758,2024-08-22 12:42:38.306810
2020-03-07,2011.0171,2024-08-22 12:42:38.306810
2020-03-08,1990.7361,2024-08-22 12:42:38.306810
2020-03-09,4333.19,2024-08-22 12:42:38.306810
2020-03-10,4530.256,2024-08-22 12:42:38.306810
2020-03-11,4562.564,2024-08-22 12:42:38.306810
2020-03-12,4646.394,2024-08-22 06:29:39.264699
2020-03-13,3823.5024,2024-08-22 06:29:39.264699
2020-03-14,1364.6294,2024-08-22 06:29:39.264699
2020-03-15,731.95044,2024-08-22 06:29:39.264699
2020-03-16,4543.5664,2024-08-22 06:29:39.264699
2020-03-17,4370.7544,2024-08-22 06:29:39.264699
2020-03-18,4021.708,2024-08-22 06:29:39.264699
2020-03-19,5436.6104,2024-08-22 07:40:25.632163
2020-03-20,4089.2346,2024-08-22 07:40:25.632163
2020-03-21,1719.2365,2024-08-22 07:40:25.632163
2020-03-22,1417.4064,2024-08-22 07:40:25.632163
2020-03-23,4891.6396,2024-08-22 07:40:25.632163
2020-03-24,4949.0713,2024-08-22 07:40:25.632163
2020-03-25,4450.4297,2024-08-22 07:40:25.632163
2020-03-26,4072.8938,2024-08-23 04:09:33.849691
2020-03-27,2488.0996,2024-08-23 04:09:33.849691
2020-03-28,870.17896,2024-08-23 04:09:33.849691
2020-03-29,1353.616,2024-08-23 04:09:33.849691
2020-03-30,4394.44,2024-08-23 04:09:33.849691
2020-03-31,5436.7144,2024-08-23 04:09:33.849691
2020-04-01,5717.7666,2024-08-23 04:09:33.849691
2020-04-02,4582.9297,2024-08-22 08:30:17.943296
2020-04-03,3492.089,2024-08-22 08:30:17.943296
2020-04-04,3678.3062,2024-08-22 08:30:17.943296
2020-04-05,1774.4073,2024-08-22 08:30:17.943296
2020-04-06,5314.158,2024-08-22 08:30:17.943296
2020-04-07,5593.753,2024-08-22 08:30:17.943296
2020-04-08,4937.8955,2024-08-22 08:30:17.943296
2020-04-09,4204.9126,2024-08-22 18:50:10.537418
2020-04-10,2957.5017,2024-08-22 18:50:10.537418
2020-04-11,2511.5273,2024-08-22 18:50:10.537418
2020-04-12,1386.0911,2024-08-22 18:50:10.537418
2020-04-13,5272.007,2024-08-22 18:50:10.537418
2020-04-14,4850.639,2024-08-22 18:50:10.537418
2020-04-15,4611.315,2024-08-22 18:50:10.537418
2020-04-16,4653.5,2024-08-21 23:27:48.324590
2020-04-17,3022.5452,2024-08-21 23:27:48.324590
2020-04-18,2800.4006,2024-08-21 23:27:48.324590
2020-04-19,2330.8108,2024-08-21 23:27:48.324590
2020-04-20,5793.7686,2024-08-21 23:27:48.324590
2020-04-21,6056.828,2024-08-21 23:27:48.324590
2020-04-22,5864.9614,2024-08-21 23:27:48.324590
2020-04-23,4776.3335,2024-08-22 11:11:08.098324
2020-04-24,3852.0178,2024-08-22 11:11:08.098324
2020-04-25,2700.1716,2024-08-22 11:11:08.098324
2020-04-26,1272.9633,2024-08-22 11:11:08.098324
2020-04-27,5179.2153,2024-08-22 11:11:08.098324
2020-04-28,5372.823,2024-08-22 11:11:08.098324
2020-04-29,5071.2593,2024-08-22 11:11:08.098324
2020-04-30,4715.9966,2024-08-22 18:51:20.627566
2020-05-01,4271.5283,2024-08-22 18:51:20.627566
2020-05-02,2441.1147,2024-08-22 18:51:20.627566
2020-05-03,1155.3378,2024-08-22 18:51:20.627566
2020-05-04,5180.544,2024-08-22 18:51:20.627566
2020-05-05,4688.42,2024-08-22 18:51:20.627566
2020-05-06,4717.665,2024-08-22 18:51:20.627566
2020-05-07,3845.7656,2024-08-23 02:22:53.280803
2020-05-08,2090.9712,2024-08-23 02:22:53.280803
2020-05-09,1845.2021,2024-08-23 02:22:53.280803
2020-05-10,716.1836,2024-08-23 02:22:53.280803
2020-05-11,4271.61,2024-08-23 02:22:53.280803
2020-05-12,3636.3809,2024-08-23 02:22:53.280803
2020-05-13,3378.6265,2024-08-23 02:22:53.280803
2020-05-14,4178.403,2024-08-22 04:56:36.830994
2020-05-15,3995.8994,2024-08-22 04:56:36.830994
2020-05-16,1802.1118,2024-08-22 04:56:36.830994
2020-05-17,763.7554,2024-08-22 04:56:36.830994
2020-05-18,4505.803,2024-08-22 04:56:36.830994
2020-05-19,3298.5642,2024-08-22 04:56:36.830994
2020-05-20,3381.8088,2024-08-22 04:56:36.830994
2020-05-21,5523.3486,2024-08-22 06:57:29.563539
2020-05-22,6047.6777,2024-08-22 06:57:29.563539
2020-05-23,1633.4568,2024-08-22 06:57:29.563539
2020-05-24,579.9863,2024-08-22 06:57:29.563539
2020-05-25,4338.382,2024-08-22 06:57:29.563539
2020-05-26,3327.11,2024-08-22 06:57:29.563539
2020-05-27,3477.646,2024-08-22 06:57:29.563539
2020-05-28,4172.5996,2024-08-22 20:36:18.727010
2020-05-29,3618.9487,2024-08-22 20:36:18.727010
2020-05-30,2246.7664,2024-08-22 20:36:18.727010
2020-05-31,-20.104248,2024-08-22 20:36:18.727010
2020-06-01,3064.2651,2024-08-22 20:36:18.727010
2020-06-02,3572.21,2024-08-22 20:36:18.727010
2020-06-03,3563.143,2024-08-22 20:36:18.727010
2020-06-04,4166.4663,2024-08-22 18:52:18.478444
2020-06-05,3398.4807,2024-08-22 18:52:18.478444
2020-06-06,1655.1896,2024-08-22 18:52:18.478444
2020-06-07,692.4165,2024-08-22 18:52:18.478444
2020-06-08,3874.9968,2024-08-22 18:52:18.478444
2020-06-09,3298.747,2024-08-22 18:52:18.478444
2020-06-10,2755.5786,2024-08-22 18:52:18.478444
2020-06-11,4842.7314,2024-08-22 11:12:21.048056
2020-06-12,3813.8926,2024-08-22 11:12:21.048056
2020-06-13,1655.2665,2024-08-22 11:12:21.048056
2020-06-14,227.094,2024-08-22 11:12:21.048056
2020-06-15,4485.4185,2024-08-22 11:12:21.048056
2020-06-16,4513.034,2024-08-22 11:12:21.048056
2020-06-17,4596.795,2024-08-22 11:12:21.048056
2020-06-18,4148.0957,2024-08-22 08:52:22.185730
2020-06-19,3719.6702,2024-08-22 08:52:22.185730
2020-06-20,2251.907,2024-08-22 08:52:22.185730
2020-06-21,136.40039,2024-08-22 08:52:22.185730
2020-06-22,2695.7427,2024-08-22 08:52:22.185730
2020-06-23,3728.12,2024-08-22 08:52:22.185730
2020-06-24,3670.316,2024-08-22 08:52:22.185730
2020-06-25,4313.3936,2024-08-22 05:07:59.559083
2020-06-26,2676.13,2024-08-22 05:07:59.559083
2020-06-27,1369.1115,2024-08-22 05:07:59.559083
2020-06-28,93.406006,2024-08-22 05:07:59.559083
2020-06-29,4410.6396,2024-08-22 05:07:59.559083
2020-06-30,4055.4448,2024-08-22 05:07:59.559083
2020-07-01,3414.6562,2024-08-22 05:07:59.559083
2020-07-02,3610.2644,2024-08-21 23:46:10.427581
2020-07-03,3098.4336,2024-08-21 23:46:10.427581
2020-07-04,1144.8396,2024-08-21 23:46:10.427581
2020-07-05,340.1609,2024-08-21 23:46:10.427581
2020-07-06,4150.6567,2024-08-21 23:46:10.427581
2020-07-07,3816.5435,2024-08-21 23:46:10.427581
2020-07-08,3833.7046,2024-08-21 23:46:10.427581
2020-07-09,4436.013,2024-08-22 03:55:24.792985
2020-07-10,3435.9358,2024-08-22 03:55:24.792985
2020-07-11,1574.7333,2024-08-22 03:55:24.792985
2020-07-12,323.6582,2024-08-22 03:55:24.792985
2020-07-13,4045.7627,2024-08-22 03:55:24.792985
2020-07-14,3722.4968,2024-08-22 03:55:24.792985
2020-07-15,3771.0374,2024-08-22 03:55:24.792985
2020-07-16,3695.8877,2024-08-23 03:05:30.860870
2020-07-17,1946.0369,2024-08-23 03:05:30.860870
2020-07-18,1655.8192,2024-08-23 03:05:30.860870
2020-07-19,1046.6094,2024-08-23 03:05:30.860870
2020-07-20,4558.2295,2024-08-23 03:05:30.860870
2020-07-21,5039.675,2024-08-23 03:05:30.860870
2020-07-22,4673.106,2024-08-23 03:05:30.860870
2020-07-23,4063.684,2024-08-22 00:05:54.745375
2020-07-24,3715.9548,2024-08-22 00:05:54.745375
2020-07-25,2071.6035,2024-08-22 00:05:54.745375
2020-07-26,698.16113,2024-08-22 00:05:54.745375
2020-07-27,4382.5234,2024-08-22 00:05:54.745375
2020-07-28,4341.0967,2024-08-22 00:05:54.745375
2020-07-29,4019.5063,2024-08-22 00:05:54.745375
2020-07-30,3905.2236,2024-08-21 23:55:35.759359
2020-07-31,3025.4204,2024-08-21 23:55:35.759359
2020-08-01,2099.446,2024-08-21 23:55:35.759359
2020-08-02,2307.0913,2024-08-21 23:55:35.759359
2020-08-03,5607.6763,2024-08-21 23:55:35.759359
2020-08-04,4650.073,2024-08-21 23:55:35.759359
2020-08-05,5073.5244,2024-08-21 23:55:35.759359
2020-08-06,5191.402,2024-08-22 08:13:08.268594
2020-08-07,4442.677,2024-08-22 08:13:08.268594
2020-08-08,2296.0303,2024-08-22 08:13:08.268594
2020-08-09,1284.4226,2024-08-22 08:13:08.268594
2020-08-10,5240.1035,2024-08-22 08:13:08.268594
2020-08-11,4873.629,2024-08-22 08:13:08.268594
2020-08-12,4808.4053,2024-08-22 08:13:08.268594
2020-08-13,5268.482,2024-08-22 06:56:37.126684
2020-08-14,4068.9495,2024-08-22 06:56:37.126684
2020-08-15,2696.594,2024-08-22 06:56:37.126684
2020-08-16,1415.5234,2024-08-22 06:56:37.126684
2020-08-17,5220.608,2024-08-22 06:56:37.126684
2020-08-18,4710.327,2024-08-22 06:56:37.126684
2020-08-19,4237.7812,2024-08-22 06:56:37.126684
2020-08-20,4479.326,2024-08-22 08:01:50.665507
2020-08-21,3237.2368,2024-08-22 08:01:50.665507
2020-08-22,2234.9648,2024-08-22 08:01:50.665507
2020-08-23,1207.9382,2024-08-22 08:01:50.665507
2020-08-24,4195.2563,2024-08-22 08:01:50.665507
2020-08-25,4000.9504,2024-08-22 08:01:50.665507
2020-08-26,4159.968,2024-08-22 08:01:50.665507
2020-08-27,4045.3394,2024-08-23 01:44:02.855644
2020-08-28,3027.722,2024-08-23 01:44:02.855644
2020-08-29,1539.0688,2024-08-23 01:44:02.855644
2020-08-30,668.2815,2024-08-23 01:44:02.855644
2020-08-31,4584.255,2024-08-23 01:44:02.855644
2020-09-01,5175.878,2024-08-23 01:44:02.855644
2020-09-02,5013.1904,2024-08-23 01:44:02.855644
2020-09-03,5185.686,2024-08-22 06:46:19.057399
2020-09-04,4556.8594,2024-08-22 06:46:19.057399
2020-09-05,2805.353,2024-08-22 06:46:19.057399
2020-09-06,1752.046,2024-08-22 06:46:19.057399
2020-09-07,5887.01,2024-08-22 06:46:19.057399
2020-09-08,5133.0845,2024-08-22 06:46:19.057399
2020-09-09,4088.9219,2024-08-22 06:46:19.057399
2020-09-10,3959.344,2024-08-23 00:56:37.196543
2020-09-11,3240.7917,2024-08-23 00:56:37.196543
2020-09-12,1910.5594,2024-08-23 00:56:37.196543
2020-09-13,978.88525,2024-08-23 00:56:37.196543
2020-09-14,4466.7188,2024-08-23 00:56:37.196543
2020-09-15,5011.8965,2024-08-23 00:56:37.196543
2020-09-16,4690.2266,2024-08-23 00:56:37.196543
2020-09-17,4396.876,2024-08-23 01:12:15.285310
2020-09-18,3433.627,2024-08-23 01:12:15.285310
2020-09-19,2073.0078,2024-08-23 01:12:15.285310
2020-09-20,762.3894,2024-08-23 01:12:15.285310
2020-09-21,4702.31,2024-08-23 01:12:15.285310
2020-09-22,4554.494,2024-08-23 01:12:15.285310
2020-09-23,4492.715,2024-08-23 01:12:15.285310
2020-09-24,4280.7544,2024-08-22 11:09:58.925017
2020-09-25,3163.2988,2024-08-22 11:09:58.925017
2020-09-26,1973.6617,2024-08-22 11:09:58.925017
2020-09-27,782.70264,2024-08-22 11:09:58.925017
2020-09-28,4552.4155,2024-08-22 11:09:58.925017
2020-09-29,4544.363,2024-08-22 11:09:58.925017
2020-09-30,4487.482,2024-08-22 11:09:58.925017
2020-10-01,4270.5376,2024-08-22 20:07:51.872506
2020-10-02,3887.7688,2024-08-22 20:07:51.872506
2020-10-03,2744.055,2024-08-22 20:07:51.872506
2020-10-04,1324.346,2024-08-22 20:07:51.872506
2020-10-05,5135.906,2024-08-22 20:07:51.872506
2020-10-06,4937.955,2024-08-22 20:07:51.872506
2020-10-07,4875.406,2024-08-22 20:07:51.872506
2020-10-08,4711.3647,2024-08-23 01:06:07.117293
2020-10-09,3893.5103,2024-08-23 01:06:07.117293
2020-10-10,2264.5437,2024-08-23 01:06:07.117293
2020-10-11,1353.9556,2024-08-23 01:06:07.117293
2020-10-12,5036.3804,2024-08-23 01:06:07.117293
2020-10-13,5218.8076,2024-08-23 01:06:07.117293
2020-10-14,5313.4014,2024-08-23 01:06:07.117293
2020-10-15,4545.5767,2024-08-22 05:37:03.573828
2020-10-16,3783.3906,2024-08-22 05:37:03.573828
2020-10-17,2517.4514,2024-08-22 05:37:03.573828
2020-10-18,896.4995,2024-08-22 05:37:03.573828
2020-10-19,3871.8003,2024-08-22 05:37:03.573828
2020-10-20,4089.3823,2024-08-22 05:37:03.573828
2020-10-21,3976.3308,2024-08-22 05:37:03.573828
2020-10-22,4806.756,2024-08-22 19:04:32.453805
2020-10-23,3938.7944,2024-08-22 19:04:32.453805
2020-10-24,1854.8894,2024-08-22 19:04:32.453805
2020-10-25,864.4824,2024-08-22 19:04:32.453805
2020-10-26,4700.0625,2024-08-22 19:04:32.453805
2020-10-27,4564.5225,2024-08-22 19:04:32.453805
2020-10-28,3817.495,2024-08-22 19:04:32.453805
2020-10-29,3365.4236,2024-08-22 02:56:12.204923
2020-10-30,3314.707,2024-08-22 02:56:12.204923
2020-10-31,1444.9062,2024-08-22 02:56:12.204923
2020-11-01,892.5386,2024-08-22 02:56:12.204923
2020-11-02,4639.167,2024-08-22 02:56:12.204923
2020-11-03,4687.5117,2024-08-22 02:56:12.204923
2020-11-04,4364.383,2024-08-22 02:56:12.204923
2020-11-05,4034.503,2024-08-22 09:51:17.670293
2020-11-06,3141.2976,2024-08-22 09:51:17.670293
2020-11-07,2048.478,2024-08-22 09:51:17.670293
2020-11-08,919.04565,2024-08-22 09:51:17.670293
2020-11-09,4613.703,2024-08-22 09:51:17.670293
2020-11-10,4889.68,2024-08-22 09:51:17.670293
2020-11-11,4563.5405,2024-08-22 09:51:17.670293
2020-11-12,4084.5461,2024-08-22 12:30:41.153651
2020-11-13,3349.373,2024-08-22 12:30:41.153651
2020-11-14,2059.9429,2024-08-22 12:30:41.153651
2020-11-15,820.0054,2024-08-22 12:30:41.153651
2020-11-16,4214.666,2024-08-22 12:30:41.153651
2020-11-17,4235.725,2024-08-22 12:30:41.153651
2020-11-18,4069.4106,2024-08-22 12:30:41.153651
2020-11-19,3589.0032,2024-08-22 11:52:59.928072
2020-11-20,3319.6116,2024-08-22 11:52:59.928072
2020-11-21,1961.1396,2024-08-22 11:52:59.928072
2020-11-22,923.8579,2024-08-22 11:52:59.928072
2020-11-23,4753.0156,2024-08-22 11:52:59.928072
2020-11-24,4501.409,2024-08-22 11:52:59.928072
2020-11-25,4068.7449,2024-08-22 11:52:59.928072
2020-11-26,3426.5369,2024-08-22 12:41:49.266149
2020-11-27,2678.985,2024-08-22 12:41:49.266149
2020-11-28,2364.162,2024-08-22 12:41:49.266149
2020-11-29,1820.6923,2024-08-22 12:41:49.266149
2020-11-30,4073.2144,2024-08-22 12:41:49.266149
2020-12-01,4042.9932,2024-08-22 12:41:49.266149
2020-12-02,3855.5757,2024-08-22 12:41:49.266149
2020-12-03,4511.1616,2024-08-22 04:27:40.833897
2020-12-04,4082.7153,2024-08-22 04:27:40.833897
2020-12-05,2591.7087,2024-08-22 04:27:40.833897
2020-12-06,1693.3994,2024-08-22 04:27:40.833897
2020-12-07,4900.2773,2024-08-22 04:27:40.833897
2020-12-08,4778.375,2024-08-22 04:27:40.833897
2020-12-09,4544.1724,2024-08-22 04:27:40.833897
2020-12-10,3796.458,2024-08-22 05:22:04.338759
2020-12-11,3438.195,2024-08-22 05:22:04.338759
2020-12-12,2247.1772,2024-08-22 05:22:04.338759
2020-12-13,1331.5995,2024-08-22 05:22:04.338759
2020-12-14,3911.2888,2024-08-22 05:22:04.338759
2020-12-15,3771.9207,2024-08-22 05:22:04.338759
2020-12-16,4146.89,2024-08-22 05:22:04.338759
2020-12-17,3923.6106,2024-08-22 02:17:20.012698
2020-12-18,3356.8303,2024-08-22 02:17:20.012698
2020-12-19,1937.6139,2024-08-22 02:17:20.012698
2020-12-20,1018.1116,2024-08-22 02:17:20.012698
2020-12-21,4403.63,2024-08-22 02:17:20.012698
2020-12-22,4440.146,2024-08-22 02:17:20.012698
2020-12-23,4450.0933,2024-08-22 02:17:20.012698
2020-12-24,3329.6804,2024-08-22 00:14:07.961829
2020-12-25,2961.3838,2024-08-22 00:14:07.961829
2020-12-26,1777.7467,2024-08-22 00:14:07.961829
2020-12-27,720.02954,2024-08-22 00:14:07.961829
2020-12-28,3988.73,2024-08-22 00:14:07.961829
2020-12-29,4270.1743,2024-08-22 00:14:07.961829
2020-12-30,3642.6724,2024-08-22 00:14:07.961829
2020-12-31,2671.5493,2024-08-22 20:59:19.117830
2021-01-01,1935.9182,2024-08-22 20:59:19.117830
2021-01-02,1713.2241,2024-08-22 20:59:19.117830
2021-01-03,1104.5127,2024-08-22 20:59:19.117830
2021-01-04,4517.9443,2024-08-22 20:59:19.117830
2021-01-05,4647.8335,2024-08-22 20:59:19.117830
2021-01-06,4172.568,2024-08-22 20:59:19.117830
2021-01-07,2558.367,2024-08-22 05:55:47.586445
2021-01-08,1267.3354,2024-08-22 05:55:47.586445
2021-01-09,1243.2906,2024-08-22 05:55:47.586445
2021-01-10,560.33887,2024-08-22 05:55:47.586445
2021-01-11,3636.7075,2024-08-22 05:55:47.586445
2021-01-12,3695.6394,2024-08-22 05:55:47.586445
2021-01-13,3665.0862,2024-08-22 05:55:47.586445
2021-01-14,4086.1526,2024-08-22 11:07:59.718140
2021-01-15,2962.9426,2024-08-22 11:07:59.718140
2021-01-16,1648.6229,2024-08-22 11:07:59.718140
2021-01-17,1224.6735,2024-08-22 11:07:59.718140
2021-01-18,4216.7197,2024-08-22 11:07:59.718140
2021-01-19,4270.489,2024-08-22 11:07:59.718140
2021-01-20,4310.897,2024-08-22 11:07:59.718140
2021-01-21,4069.8174,2024-08-22 05:06:57.088416
2021-01-22,2690.3696,2024-08-22 05:06:57.088416
2021-01-23,2038.4427,2024-08-22 05:06:57.088416
2021-01-24,630.5657,2024-08-22 05:06:57.088416
2021-01-25,4354.0527,2024-08-22 05:06:57.088416
2021-01-26,4351.926,2024-08-22 05:06:57.088416
2021-01-27,4041.403,2024-08-22 05:06:57.088416
2021-01-28,3139.4426,2024-08-22 00:25:01.321677
2021-01-29,2994.2112,2024-08-22 00:25:01.321677
2021-01-30,1496.6702,2024-08-22 00:25:01.321677
2021-01-31,319.7566,2024-08-22 00:25:01.321677
2021-02-01,3634.443,2024-08-22 00:25:01.321677
2021-02-02,4349.439,2024-08-22 00:25:01.321677
2021-02-03,4671.855,2024-08-22 00:25:01.321677
2021-02-04,4054.1152,2024-08-22 01:45:53.147522
2021-02-05,3312.3347,2024-08-22 01:45:53.147522
2021-02-06,1732.0465,2024-08-22 01:45:53.147522
2021-02-07,794.73096,2024-08-22 01:45:53.147522
2021-02-08,4305.204,2024-08-22 01:45:53.147522
2021-02-09,4464.4053,2024-08-22 01:45:53.147522
2021-02-10,4682.0654,2024-08-22 01:45:53.147522
2021-02-11,3820.0154,2024-08-23 04:15:41.175440
2021-02-12,3170.9148,2024-08-23 04:15:41.175440
2021-02-13,1581.0665,2024-08-23 04:15:41.175440
2021-02-14,60.94336,2024-08-23 04:15:41.175440
2021-02-15,3816.8604,2024-08-23 04:15:41.175440
2021-02-16,3919.6877,2024-08-23 04:15:41.175440
2021-02-17,3844.1887,2024-08-23 04:15:41.175440
2021-02-18,3446.3772,2024-08-22 19:02:22.823885
2021-02-19,2363.9397,2024-08-22 19:02:22.823885
2021-02-20,1942.3029,2024-08-22 19:02:22.823885
2021-02-21,359.4646,2024-08-22 19:02:22.823885
2021-02-22,3801.06,2024-08-22 19:02:22.823885
2021-02-23,3493.3286,2024-08-22 19:02:22.823885
2021-02-24,3281.1584,2024-08-22 19:02:22.823885
2021-02-25,3427.2646,2024-08-22 06:31:31.795760
2021-02-26,2654.3794,2024-08-22 06:31:31.795760
2021-02-27,1726.2882,2024-08-22 06:31:31.795760
2021-02-28,679.0227,2024-08-22 06:31:31.795760
2021-03-01,3865.742,2024-08-22 06:31:31.795760
2021-03-02,3866.7087,2024-08-22 06:31:31.795760
2021-03-03,3448.8398,2024-08-22 06:31:31.795760
2021-03-04,3622.1895,2024-08-22 02:58:41.437425
2021-03-05,2414.5002,2024-08-22 02:58:41.437425
2021-03-06,876.59937,2024-08-22 02:58:41.437425
2021-03-07,34.146973,2024-08-22 02:58:41.437425
2021-03-08,3824.58,2024-08-22 02:58:41.437425
2021-03-09,3538.6252,2024-08-22 02:58:41.437425
2021-03-10,3394.6104,2024-08-22 02:58:41.437425
2021-03-11,3576.6067,2024-08-21 23:48:26.465252
2021-03-12,2461.1865,2024-08-21 23:48:26.465252
2021-03-13,1523.1648,2024-08-21 23:48:26.465252
2021-03-14,580.54224,2024-08-21 23:48:26.465252
2021-03-15,3923.5583,2024-08-21 23:48:26.465252
2021-03-16,3975.485,2024-08-21 23:48:26.465252
2021-03-17,3950.6494,2024-08-21 23:48:26.465252
2021-03-18,4536.202,2024-08-22 05:46:41.589928
2021-03-19,3427.0664,2024-08-22 05:46:41.589928
2021-03-20,1327.4941,2024-08-22 05:46:41.589928
2021-03-21,439.40527,2024-08-22 05:46:41.589928
2021-03-22,4277.5225,2024-08-22 05:46:41.589928
2021-03-23,3864.152,2024-08-22 05:46:41.589928
2021-03-24,3937.7354,2024-08-22 05:46:41.589928
2021-03-25,2987.7822,2024-08-22 01:43:11.398997
2021-03-26,3396.4285,2024-08-22 01:43:11.398997
2021-03-27,1446.1111,2024-08-22 01:43:11.398997
2021-03-28,769.45703,2024-08-22 01:43:11.398997
2021-03-29,4143.322,2024-08-22 01:43:11.398997
2021-03-30,3803.1245,2024-08-22 01:43:11.398997
2021-03-31,2024.3629,2024-08-22 01:43:11.398997
2021-04-01,2981.0198,2024-08-22 06:28:48.936343
2021-04-02,2648.3977,2024-08-22 06:28:48.936343
2021-04-03,1445.8796,2024-08-22 06:28:48.936343
2021-04-04,173.55469,2024-08-22 06:28:48.936343
2021-04-05,3650.5688,2024-08-22 06:28:48.936343
2021-04-06,3672.9802,2024-08-22 06:28:48.936343
2021-04-07,3915.1694,2024-08-22 06:28:48.936343
2021-04-08,4192.0645,2024-08-23 02:54:11.479794
2021-04-09,2385.4534,2024-08-23 02:54:11.479794
2021-04-10,1866.9956,2024-08-23 02:54:11.479794
2021-04-11,1280.2207,2024-08-23 02:54:11.479794
2021-04-12,4304.001,2024-08-23 02:54:11.479794
2021-04-13,4797.8584,2024-08-23 02:54:11.479794
2021-04-14,4448.589,2024-08-23 02:54:11.479794
2021-04-15,4367.341,2024-08-22 12:33:49.894675
2021-04-16,3549.2852,2024-08-22 12:33:49.894675
2021-04-17,1626.34,2024-08-22 12:33:49.894675
2021-04-18,596.85425,2024-08-22 12:33:49.894675
2021-04-19,4055.4802,2024-08-22 12:33:49.894675
2021-04-20,4374.664,2024-08-22 12:33:49.894675
2021-04-21,4565.479,2024-08-22 12:33:49.894675
2021-04-22,4018.6873,2024-08-23 02:01:28.707804
2021-04-23,3569.8984,2024-08-23 02:01:28.707804
2021-04-24,1447.7998,2024-08-23 02:01:28.707804
2021-04-25,199.05493,2024-08-23 02:01:28.707804
2021-04-26,3636.4492,2024-08-23 02:01:28.707804
2021-04-27,3915.1484,2024-08-23 02:01:28.707804
2021-04-28,3207.3413,2024-08-23 02:01:28.707804
2021-04-29,3287.52,2024-08-22 18:49:08.406310
2021-04-30,2963.0906,2024-08-22 18:49:08.406310
2021-05-01,1485.7673,2024-08-22 18:49:08.406310
2021-05-02,482.72412,2024-08-22 18:49:08.406310
2021-05-03,3981.3894,2024-08-22 18:49:08.406310
2021-05-04,4047.9834,2024-08-22 18:49:08.406310
2021-05-05,3602.1917,2024-08-22 18:49:08.406310
2021-05-06,3167.0796,2024-08-23 01:48:42.109249
2021-05-07,2612.7317,2024-08-23 01:48:42.109249
2021-05-08,1144.8828,2024-08-23 01:48:42.109249
2021-05-09,688.89746,2024-08-23 01:48:42.109249
2021-05-10,3863.5159,2024-08-23 01:48:42.109249
2021-05-11,4153.8105,2024-08-23 01:48:42.109249
2021-05-12,3623.7188,2024-08-23 01:48:42.109249
2021-05-13,4027.0994,2024-08-23 03:07:41.707664
2021-05-14,2289.1304,2024-08-23 03:07:41.707664
2021-05-15,1517.8796,2024-08-23 03:07:41.707664
2021-05-16,-100.7959,2024-08-23 03:07:41.707664
2021-05-17,3647.7715,2024-08-23 03:07:41.707664
2021-05-18,3910.8657,2024-08-23 03:07:41.707664
2021-05-19,3930.466,2024-08-23 03:07:41.707664
2021-05-20,3352.5894,2024-08-22 02:36:22.089373
2021-05-21,2994.2473,2024-08-22 02:36:22.089373
2021-05-22,1255.6147,2024-08-22 02:36:22.089373
2021-05-23,409.5227,2024-08-22 02:36:22.089373
2021-05-24,3916.6704,2024-08-22 02:36:22.089373
2021-05-25,3955.2947,2024-08-22 02:36:22.089373
2021-05-26,3303.2332,2024-08-22 02:36:22.089373
2021-05-27,3037.2805,2024-08-22 18:45:31.603881
2021-05-28,2492.998,2024-08-22 18:45:31.603881
2021-05-29,1438.8043,2024-08-22 18:45:31.603881
2021-05-30,121.01099,2024-08-22 18:45:31.603881
2021-05-31,3146.0806,2024-08-22 18:45:31.603881
2021-06-01,3151.7896,2024-08-22 18:45:31.603881
2021-06-02,3447.9116,2024-08-22 18:45:31.603881
2021-06-03,3544.283,2024-08-23 01:46:25.130100
2021-06-04,2857.1113,2024-08-23 01:46:25.130100
2021-06-05,1652.2749,2024-08-23 01:46:25.130100
2021-06-06,468.87256,2024-08-23 01:46:25.130100
2021-06-07,3829.8462,2024-08-23 01:46:25.130100
2021-06-08,3698.4814,2024-08-23 01:46:25.130100
2021-06-09,3635.852,2024-08-23 01:46:25.130100
2021-06-10,3477.2532,2024-08-22 01:55:33.637610
2021-06-11,3059.7964,2024-08-22 01:55:33.637610
2021-06-12,1626.3295,2024-08-22 01:55:33.637610
2021-06-13,433.81226,2024-08-22 01:55:33.637610
2021-06-14,3744.4927,2024-08-22 01:55:33.637610
2021-06-15,3280.615,2024-08-22 01:55:33.637610
2021-06-16,3322.7693,2024-08-22 01:55:33.637610
2021-06-17,4266.555,2024-08-22 07:39:29.778873
2021-06-18,3312.8691,2024-08-22 07:39:29.778873
2021-06-19,1621.7584,2024-08-22 07:39:29.778873
2021-06-20,445.5603,2024-08-22 07:39:29.778873
2021-06-21,3986.8474,2024-08-22 07:39:29.778873
2021-06-22,4187.4443,2024-08-22 07:39:29.778873
2021-06-23,4166.951,2024-08-22 07:39:29.778873
2021-06-24,3884.6477,2024-08-22 06:55:25.292794
2021-06-25,3409.5613,2024-08-22 06:55:25.292794
2021-06-26,1881.4406,2024-08-22 06:55:25.292794
2021-06-27,363.9099,2024-08-22 06:55:25.292794
2021-06-28,3479.8438,2024-08-22 06:55:25.292794
2021-06-29,3502.3413,2024-08-22 06:55:25.292794
2021-06-30,3402.1584,2024-08-22 06:55:25.292794
2021-07-01,3596.4873,2024-08-23 01:04:02.319025
2021-07-02,3028.3123,2024-08-23 01:04:02.319025
2021-07-03,1784.172,2024-08-23 01:04:02.319025
2021-07-04,456.76294,2024-08-23 01:04:02.319025
2021-07-05,3864.0825,2024-08-23 01:04:02.319025
2021-07-06,3671.7644,2024-08-23 01:04:02.319025
2021-07-07,3551.53,2024-08-23 01:04:02.319025
2021-07-08,3991.9324,2024-08-21 23:31:50.062897
2021-07-09,2798.3508,2024-08-21 23:31:50.062897
2021-07-10,1079.8195,2024-08-21 23:31:50.062897
2021-07-11,263.20264,2024-08-21 23:31:50.062897
2021-07-12,3957.665,2024-08-21 23:31:50.062897
2021-07-13,3822.9028,2024-08-21 23:31:50.062897
2021-07-14,3734.4485,2024-08-21 23:31:50.062897
2021-07-15,4630.527,2024-08-22 11:50:38.036031
2021-07-16,3151.6194,2024-08-22 11:50:38.036031
2021-07-17,1968.3241,2024-08-22 11:50:38.036031
2021-07-18,771.9109,2024-08-22 11:50:38.036031
2021-07-19,4516.3247,2024-08-22 11:50:38.036031
2021-07-20,4933.4893,2024-08-22 11:50:38.036031
2021-07-21,4628.9766,2024-08-22 11:50:38.036031
2021-07-22,5093.546,2024-08-22 05:05:07.706438
2021-07-23,4548.465,2024-08-22 05:05:07.706438
2021-07-24,1965.1334,2024-08-22 05:05:07.706438
2021-07-25,826.68823,2024-08-22 05:05:07.706438
2021-07-26,4251.8193,2024-08-22 05:05:07.706438
2021-07-27,4254.125,2024-08-22 05:05:07.706438
2021-07-28,4320.504,2024-08-22 05:05:07.706438
2021-07-29,4504.206,2024-08-22 12:46:21.598814
2021-07-30,3629.2935,2024-08-22 12:46:21.598814
2021-07-31,1385.7538,2024-08-22 12:46:21.598814
2021-08-01,676.62134,2024-08-22 12:46:21.598814
2021-08-02,4339.508,2024-08-22 12:46:21.598814
2021-08-03,4519.817,2024-08-22 12:46:21.598814
2021-08-04,4494.462,2024-08-22 12:46:21.598814
2021-08-05,5191.877,2024-08-22 12:23:32.516172
2021-08-06,4254.908,2024-08-22 12:23:32.516172
2021-08-07,2197.1892,2024-08-22 12:23:32.516172
2021-08-08,1076.9438,2024-08-22 12:23:32.516172
2021-08-09,4916.985,2024-08-22 12:23:32.516172
2021-08-10,4882.632,2024-08-22 12:23:32.516172
2021-08-11,4954.58,2024-08-22 12:23:32.516172
2021-08-12,4311.56,2024-08-23 04:13:04.959052
2021-08-13,3676.3535,2024-08-23 04:13:04.959052
2021-08-14,1527.3208,2024-08-23 04:13:04.959052
2021-08-15,333.1162,2024-08-23 04:13:04.959052
2021-08-16,3865.627,2024-08-23 04:13:04.959052
2021-08-17,4231.071,2024-08-23 04:13:04.959052
2021-08-18,4033.5386,2024-08-23 04:13:04.959052
2021-08-19,4748.7275,2024-08-22 02:48:28.275487
2021-08-20,3876.664,2024-08-22 02:48:28.275487
2021-08-21,2153.3262,2024-08-22 02:48:28.275487
2021-08-22,666.76465,2024-08-22 02:48:28.275487
2021-08-23,3301.9646,2024-08-22 02:48:28.275487
2021-08-24,3990.7988,2024-08-22 02:48:28.275487
2021-08-25,4618.544,2024-08-22 02:48:28.275487
2021-08-26,4697.1973,2024-08-23 01:00:56.984691
2021-08-27,4558.797,2024-08-23 01:00:56.984691
2021-08-28,2001.9044,2024-08-23 01:00:56.984691
2021-08-29,493.2688,2024-08-23 01:00:56.984691
2021-08-30,4173.2256,2024-08-23 01:00:56.984691
2021-08-31,4280.3516,2024-08-23 01:00:56.984691
2021-09-01,4534.229,2024-08-23 01:00:56.984691
2021-09-02,4403.9673,2024-08-23 03:10:51.145957
2021-09-03,3409.3237,2024-08-23 03:10:51.145957
2021-09-04,1285.3209,2024-08-23 03:10:51.145957
2021-09-05,422.59668,2024-08-23 03:10:51.145957
2021-09-06,3743.7258,2024-08-23 03:10:51.145957
2021-09-07,3960.5027,2024-08-23 03:10:51.145957
2021-09-08,3915.7605,2024-08-23 03:10:51.145957
2021-09-09,4069.1055,2024-08-22 19:00:18.924609
2021-09-10,3179.6226,2024-08-22 19:00:18.924609
2021-09-11,2066.8027,2024-08-22 19:00:18.924609
2021-09-12,427.25122,2024-08-22 19:00:18.924609
2021-09-13,4197.205,2024-08-22 19:00:18.924609
2021-09-14,3630.8398,2024-08-22 19:00:18.924609
2021-09-15,3690.6387,2024-08-22 19:00:18.924609
2021-09-16,4169.8984,2024-08-21 23:44:28.654625
2021-09-17,3375.2712,2024-08-21 23:44:28.654625
2021-09-18,1094.3633,2024-08-21 23:44:28.654625
2021-09-19,22.248047,2024-08-21 23:44:28.654625
2021-09-20,3773.976,2024-08-21 23:44:28.654625
2021-09-21,3596.4067,2024-08-21 23:44:28.654625
2021-09-22,3534.2085,2024-08-21 23:44:28.654625
2021-09-23,4622.339,2024-08-22 05:19:42.229003
2021-09-24,4154.993,2024-08-22 05:19:42.229003
2021-09-25,1656.1155,2024-08-22 05:19:42.229003
2021-09-26,914.0283,2024-08-22 05:19:42.229003
2021-09-27,4432.6143,2024-08-22 05:19:42.229003
2021-09-28,4485.7637,2024-08-22 05:19:42.229003
2021-09-29,4253.9473,2024-08-22 05:19:42.229003
2021-09-30,3779.7683,2024-08-22 04:54:54.292700
2021-10-01,3173.9104,2024-08-22 04:54:54.292700
2021-10-02,1312.7955,2024-08-22 04:54:54.292700
2021-10-03,-250.2749,2024-08-22 04:54:54.292700
2021-10-04,2810.0923,2024-08-22 04:54:54.292700
2021-10-05,2861.9614,2024-08-22 04:54:54.292700
2021-10-06,3167.5916,2024-08-22 04:54:54.292700
2021-10-07,5170.314,2024-08-23 03:03:58.985864
2021-10-08,4322.699,2024-08-23 03:03:58.985864
2021-10-09,2467.1458,2024-08-23 03:03:58.985864
2021-10-10,390.62646,2024-08-23 03:03:58.985864
2021-10-11,4203.7803,2024-08-23 03:03:58.985864
2021-10-12,4804.4287,2024-08-23 03:03:58.985864
2021-10-13,4695.724,2024-08-23 03:03:58.985864
2021-10-14,4282.971,2024-08-22 07:43:55.977282
2021-10-15,2986.7957,2024-08-22 07:43:55.977282
2021-10-16,2405.4165,2024-08-22 07:43:55.977282
2021-10-17,635.2805,2024-08-22 07:43:55.977282
2021-10-18,3318.7207,2024-08-22 07:43:55.977282
2021-10-19,4393.506,2024-08-22 07:43:55.977282
2021-10-20,4282.703,2024-08-22 07:43:55.977282
2021-10-21,5514.0205,2024-08-22 19:08:43.935961
2021-10-22,4613.7646,2024-08-22 19:08:43.935961
2021-10-23,2519.5852,2024-08-22 19:08:43.935961
2021-10-24,943.2671,2024-08-22 19:08:43.935961
2021-10-25,4975.993,2024-08-22 19:08:43.935961
2021-10-26,5147.164,2024-08-22 19:08:43.935961
2021-10-27,5061.6953,2024-08-22 19:08:43.935961
2021-10-28,4556.7485,2024-08-23 01:10:21.405325
2021-10-29,4590.806,2024-08-23 01:10:21.405325
2021-10-30,1327.1188,2024-08-23 01:10:21.405325
2021-10-31,157.05518,2024-08-23 01:10:21.405325
2021-11-01,4003.5679,2024-08-23 01:10:21.405325
2021-11-02,4493.49,2024-08-23 01:10:21.405325
2021-11-03,4875.559,2024-08-23 01:10:21.405325
2021-11-04,4614.0195,2024-08-22 10:41:12.814231
2021-11-05,4213.736,2024-08-22 10:41:12.814231
2021-11-06,1980.2008,2024-08-22 10:41:12.814231
2021-11-07,219.80005,2024-08-22 10:41:12.814231
2021-11-08,4656.797,2024-08-22 10:41:12.814231
2021-11-09,5019.705,2024-08-22 10:41:12.814231
2021-11-10,5071.3867,2024-08-22 10:41:12.814231
2021-11-11,4536.968,2024-08-22 20:56:00.683944
2021-11-12,4238.952,2024-08-22 20:56:00.683944
2021-11-13,1698.2877,2024-08-22 20:56:00.683944
2021-11-14,352.79883,2024-08-22 20:56:00.683944
2021-11-15,4026.25,2024-08-22 20:56:00.683944
2021-11-16,4386.9453,2024-08-22 20:56:00.683944
2021-11-17,3950.7578,2024-08-22 20:56:00.683944
2021-11-18,5344.132,2024-08-22 18:42:15.269547
2021-11-19,4699.2256,2024-08-22 18:42:15.269547
2021-11-20,2656.9343,2024-08-22 18:42:15.269547
2021-11-21,715.7124,2024-08-22 18:42:15.269547
2021-11-22,4334.161,2024-08-22 18:42:15.269547
2021-11-23,4889.1504,2024-08-22 18:42:15.269547
2021-11-24,5155.0366,2024-08-22 18:42:15.269547
2021-11-25,4846.1274,2024-08-22 03:03:04.751807
2021-11-26,4217.7905,2024-08-22 03:03:04.751807
2021-11-27,2316.079,2024-08-22 03:03:04.751807
2021-11-28,55.430664,2024-08-22 03:03:04.751807
2021-11-29,3349.8044,2024-08-22 03:03:04.751807
2021-11-30,4444.128,2024-08-22 03:03:04.751807
2021-12-01,4686.0396,2024-08-22 03:03:04.751807
2021-12-02,4730.706,2024-08-22 18:27:23.209535
2021-12-03,4441.9985,2024-08-22 18:27:23.209535
2021-12-04,1919.4385,2024-08-22 18:27:23.209535
2021-12-05,582.5244,2024-08-22 18:27:23.209535
2021-12-06,4390.102,2024-08-22 18:27:23.209535
2021-12-07,4752.469,2024-08-22 18:27:23.209535
2021-12-08,4855.9556,2024-08-22 18:27:23.209535
2021-12-09,3474.0952,2024-08-22 11:16:51.621420
2021-12-10,3908.9285,2024-08-22 11:16:51.621420
2021-12-11,1009.1189,2024-08-22 11:16:51.621420
2021-12-12,-213.24268,2024-08-22 11:16:51.621420
2021-12-13,4752.938,2024-08-22 11:16:51.621420
2021-12-14,4365.565,2024-08-22 11:16:51.621420
2021-12-15,3457.1182,2024-08-22 11:16:51.621420
2021-12-16,4708.5103,2024-08-23 01:42:13.837557
2021-12-17,4128.4263,2024-08-23 01:42:13.837557
2021-12-18,1598.0807,2024-08-23 01:42:13.837557
2021-12-19,492.1416,2024-08-23 01:42:13.837557
2021-12-20,3967.7583,2024-08-23 01:42:13.837557
2021-12-21,3862.2473,2024-08-23 01:42:13.837557
2021-12-22,4049.5254,2024-08-23 01:42:13.837557
2021-12-23,5015.756,2024-08-22 21:18:03.757411
2021-12-24,4499.641,2024-08-22 21:18:03.757411
2021-12-25,2072.5532,2024-08-22 21:18:03.757411
2021-12-26,557.5454,2024-08-22 21:18:03.757411
2021-12-27,4505.386,2024-08-22 21:18:03.757411
2021-12-28,4391.23,2024-08-22 21:18:03.757411
2021-12-29,4452.0615,2024-08-22 21:18:03.757411
2021-12-30,4616.6943,2024-08-22 10:59:11.306628
2021-12-31,2446.4084,2024-08-22 10:59:11.306628
2022-01-01,1277.8602,2024-08-22 10:59:11.306628
2022-01-02,626.178,2024-08-22 10:59:11.306628
2022-01-03,4469.0093,2024-08-22 10:59:11.306628
2022-01-04,5026.141,2024-08-22 10:59:11.306628
2022-01-05,5083.662,2024-08-22 10:59:11.306628
2022-01-06,4453.041,2024-08-22 19:20:12.301880
2022-01-07,2895.656,2024-08-22 19:20:12.301880
2022-01-08,1497.6779,2024-08-22 19:20:12.301880
2022-01-09,556.76025,2024-08-22 19:20:12.301880
2022-01-10,4933.455,2024-08-22 19:20:12.301880
2022-01-11,5215.67,2024-08-22 19:20:12.301880
2022-01-12,5141.1855,2024-08-22 19:20:12.301880
2022-01-13,4922.6924,2024-08-23 02:21:52.184775
2022-01-14,4134.4756,2024-08-23 02:21:52.184775
2022-01-15,1633.1719,2024-08-23 02:21:52.184775
2022-01-16,272.7185,2024-08-23 02:21:52.184775
2022-01-17,4643.758,2024-08-23 02:21:52.184775
2022-01-18,4574.1855,2024-08-23 02:21:52.184775
2022-01-19,4610.6504,2024-08-23 02:21:52.184775
2022-01-20,4720.741,2024-08-22 06:36:34.654404
2022-01-21,3974.5447,2024-08-22 06:36:34.654404
2022-01-22,1629.0438,2024-08-22 06:36:34.654404
2022-01-23,238.72583,2024-08-22 06:36:34.654404
2022-01-24,4407.6016,2024-08-22 06:36:34.654404
2022-01-25,4558.253,2024-08-22 06:36:34.654404
2022-01-26,4873.4243,2024-08-22 06:36:34.654404
2022-01-27,5168.921,2024-08-23 03:15:21.376099
2022-01-28,4151.7236,2024-08-23 03:15:21.376099
2022-01-29,1736.335,2024-08-23 03:15:21.376099
2022-01-30,494.7246,2024-08-23 03:15:21.376099
2022-01-31,4574.315,2024-08-23 03:15:21.376099
2022-02-01,5035.291,2024-08-23 03:15:21.376099
2022-02-02,4934.8325,2024-08-23 03:15:21.376099
2022-02-03,4754.54,2024-08-22 12:19:46.522689
2022-02-04,4368.5825,2024-08-22 12:19:46.522689
2022-02-05,1671.7007,2024-08-22 12:19:46.522689
2022-02-06,-111.79053,2024-08-22 12:19:46.522689
2022-02-07,4343.572,2024-08-22 12:19:46.522689
2022-02-08,4515.553,2024-08-22 12:19:46.522689
2022-02-09,4567.418,2024-08-22 12:19:46.522689
2022-02-10,4855.646,2024-08-22 21:22:45.608680
2022-02-11,4519.502,2024-08-22 21:22:45.608680
2022-02-12,1695.8479,2024-08-22 21:22:45.608680
2022-02-13,245.80615,2024-08-22 21:22:45.608680
2022-02-14,4020.5325,2024-08-22 21:22:45.608680
2022-02-15,4209.953,2024-08-22 21:22:45.608680
2022-02-16,4317.4346,2024-08-22 21:22:45.608680
2022-02-17,4542.2637,2024-08-22 12:28:23.043166
2022-02-18,4047.3196,2024-08-22 12:28:23.043166
2022-02-19,1376.3789,2024-08-22 12:28:23.043166
2022-02-20,-141.77124,2024-08-22 12:28:23.043166
2022-02-21,3594.2095,2024-08-22 12:28:23.043166
2022-02-22,3953.3574,2024-08-22 12:28:23.043166
2022-02-23,3684.7046,2024-08-22 12:28:23.043166
2022-02-24,5256.4717,2024-08-22 18:37:58.231730
2022-02-25,4505.1675,2024-08-22 18:37:58.231730
2022-02-26,1791.6404,2024-08-22 18:37:58.231730
2022-02-27,949.52563,2024-08-22 18:37:58.231730
2022-02-28,4528.4507,2024-08-22 18:37:58.231730
2022-03-01,4800.905,2024-08-22 18:37:58.231730
2022-03-02,4903.8105,2024-08-22 18:37:58.231730
2022-03-03,5640.7485,2024-08-22 11:21:57.394267
2022-03-04,4800.0664,2024-08-22 11:21:57.394267
2022-03-05,2359.9155,2024-08-22 11:21:57.394267
2022-03-06,670.04175,2024-08-22 11:21:57.394267
2022-03-07,3993.0051,2024-08-22 11:21:57.394267
2022-03-08,4290.5225,2024-08-22 11:21:57.394267
2022-03-09,5519.295,2024-08-22 11:21:57.394267
2022-03-10,5752.747,2024-08-22 08:23:13.992144
2022-03-11,5357.5264,2024-08-22 08:23:13.992144
2022-03-12,2555.9329,2024-08-22 08:23:13.992144
2022-03-13,947.2366,2024-08-22 08:23:13.992144
2022-03-14,5240.724,2024-08-22 08:23:13.992144
2022-03-15,5154.8047,2024-08-22 08:23:13.992144
2022-03-16,4788.031,2024-08-22 08:23:13.992144
2022-03-17,5293.3477,2024-08-22 08:40:12.247566
2022-03-18,5092.745,2024-08-22 08:40:12.247566
2022-03-19,1855.246,2024-08-22 08:40:12.247566
2022-03-20,412.5564,2024-08-22 08:40:12.247566
2022-03-21,4023.5942,2024-08-22 08:40:12.247566
2022-03-22,5001.073,2024-08-22 08:40:12.247566
2022-03-23,4530.7026,2024-08-22 08:40:12.247566
2022-03-24,4491.6387,2024-08-22 05:01:31.328505
2022-03-25,3857.3997,2024-08-22 05:01:31.328505
2022-03-26,1289.4689,2024-08-22 05:01:31.328505
2022-03-27,-288.43823,2024-08-22 05:01:31.328505
2022-03-28,3746.2542,2024-08-22 05:01:31.328505
2022-03-29,3881.8733,2024-08-22 05:01:31.328505
2022-03-30,3969.945,2024-08-22 05:01:31.328505
2022-03-31,4671.1475,2024-08-22 18:57:29.199056
2022-04-01,4389.1143,2024-08-22 18:57:29.199056
2022-04-02,2437.5874,2024-08-22 18:57:29.199056
2022-04-03,259.76978,2024-08-22 18:57:29.199056
2022-04-04,4863.3223,2024-08-22 18:57:29.199056
2022-04-05,4778.4375,2024-08-22 18:57:29.199056
2022-04-06,5255.4727,2024-08-22 18:57:29.199056
2022-04-07,6048.169,2024-08-22 19:32:47.912597
2022-04-08,5374.456,2024-08-22 19:32:47.912597
2022-04-09,2083.5522,2024-08-22 19:32:47.912597
2022-04-10,924.55444,2024-08-22 19:32:47.912597
2022-04-11,5678.157,2024-08-22 19:32:47.912597
2022-04-12,5787.377,2024-08-22 19:32:47.912597
2022-04-13,5333.1406,2024-08-22 19:32:47.912597
2022-04-14,5863.0693,2024-08-22 09:41:28.583347
2022-04-15,5076.8013,2024-08-22 09:41:28.583347
2022-04-16,2146.656,2024-08-22 09:41:28.583347
2022-04-17,783.91895,2024-08-22 09:41:28.583347
2022-04-18,4625.2285,2024-08-22 09:41:28.583347
2022-04-19,4769.7783,2024-08-22 09:41:28.583347
2022-04-20,4468.087,2024-08-22 09:41:28.583347
2022-04-21,5172.29,2024-08-22 08:35:20.108250
2022-04-22,3468.937,2024-08-22 08:35:20.108250
2022-04-23,2510.015,2024-08-22 08:35:20.108250
2022-04-24,1838.4392,2024-08-22 08:35:20.108250
2022-04-25,5426.328,2024-08-22 08:35:20.108250
2022-04-26,5923.5425,2024-08-22 08:35:20.108250
2022-04-27,5795.3057,2024-08-22 08:35:20.108250
2022-04-28,5577.736,2024-08-22 10:35:44.383630
2022-04-29,5015.621,2024-08-22 10:35:44.383630
2022-04-30,2049.6187,2024-08-22 10:35:44.383630
2022-05-01,1213.3572,2024-08-22 10:35:44.383630
2022-05-02,5038.7744,2024-08-22 10:35:44.383630
2022-05-03,5655.8916,2024-08-22 10:35:44.383630
2022-05-04,5196.9863,2024-08-22 10:35:44.383630
2022-05-05,5368.534,2024-08-22 09:04:54.265217
2022-05-06,5106.2275,2024-08-22 09:04:54.265217
2022-05-07,2631.3196,2024-08-22 09:04:54.265217
2022-05-08,913.9707,2024-08-22 09:04:54.265217
2022-05-09,4860.289,2024-08-22 09:04:54.265217
2022-05-10,5442.198,2024-08-22 09:04:54.265217
2022-05-11,5897.9863,2024-08-22 09:04:54.265217
2022-05-12,6059.3623,2024-08-22 08:18:21.373736
2022-05-13,5315.1606,2024-08-22 08:18:21.373736
2022-05-14,2135.7832,2024-08-22 08:18:21.373736
2022-05-15,275.97754,2024-08-22 08:18:21.373736
2022-05-16,4634.545,2024-08-22 08:18:21.373736
2022-05-17,5296.0093,2024-08-22 08:18:21.373736
2022-05-18,5076.1045,2024-08-22 08:18:21.373736
2022-05-19,4026.6626,2024-08-22 11:05:32.496481
2022-05-20,4528.5376,2024-08-22 11:05:32.496481
2022-05-21,1680.6332,2024-08-22 11:05:32.496481
2022-05-22,249.58911,2024-08-22 11:05:32.496481
2022-05-23,5069.5317,2024-08-22 11:05:32.496481
2022-05-24,4702.5938,2024-08-22 11:05:32.496481
2022-05-25,3058.9802,2024-08-22 11:05:32.496481
2022-05-26,2903.4253,2024-08-23 00:20:27.847635
2022-05-27,4364.129,2024-08-23 00:20:27.847635
2022-05-28,1465.9314,2024-08-23 00:20:27.847635
2022-05-29,397.8894,2024-08-23 00:20:27.847635
2022-05-30,4852.705,2024-08-23 00:20:27.847635
2022-05-31,4041.5544,2024-08-23 00:20:27.847635
2022-06-01,2747.1472,2024-08-23 00:20:27.847635
2022-06-02,5755.2363,2024-08-22 08:51:10.793720
2022-06-03,5957.289,2024-08-22 08:51:10.793720
2022-06-04,2274.0173,2024-08-22 08:51:10.793720
2022-06-05,457.51074,2024-08-22 08:51:10.793720
2022-06-06,5981.675,2024-08-22 08:51:10.793720
2022-06-07,6181.4746,2024-08-22 08:51:10.793720
2022-06-08,6400.868,2024-08-22 08:51:10.793720
2022-06-09,5828.7603,2024-08-23 01:31:53.815659
2022-06-10,5236.0986,2024-08-23 01:31:53.815659
2022-06-11,2326.4746,2024-08-23 01:31:53.815659
2022-06-12,676.6008,2024-08-23 01:31:53.815659
2022-06-13,5249.1807,2024-08-23 01:31:53.815659
2022-06-14,5249.077,2024-08-23 01:31:53.815659
2022-06-15,4755.5986,2024-08-23 01:31:53.815659
2022-06-16,6479.6943,2024-08-21 23:54:11.143094
2022-06-17,5911.2563,2024-08-21 23:54:11.143094
2022-06-18,2951.818,2024-08-21 23:54:11.143094
2022-06-19,1263.0913,2024-08-21 23:54:11.143094
2022-06-20,5222.1567,2024-08-21 23:54:11.143094
2022-06-21,5960.6475,2024-08-21 23:54:11.143094
2022-06-22,5563.3906,2024-08-21 23:54:11.143094
2022-06-23,5369.6206,2024-08-22 16:12:30.060177
2022-06-24,4001.0303,2024-08-22 16:12:30.060177
2022-06-25,2428.142,2024-08-22 16:12:30.060177
2022-06-26,1158.4092,2024-08-22 16:12:30.060177
2022-06-27,4449.656,2024-08-22 16:12:30.060177
2022-06-28,5012.0635,2024-08-22 16:12:30.060177
2022-06-29,5304.9814,2024-08-22 16:12:30.060177
2022-06-30,5366.189,2024-08-22 10:47:50.013332
2022-07-01,5272.7393,2024-08-22 10:47:50.013332
2022-07-02,2322.2495,2024-08-22 10:47:50.013332
2022-07-03,667.29956,2024-08-22 10:47:50.013332
2022-07-04,5696.1577,2024-08-22 10:47:50.013332
2022-07-05,5771.0645,2024-08-22 10:47:50.013332
2022-07-06,5404.494,2024-08-22 10:47:50.013332
2022-07-07,5555.341,2024-08-22 22:33:07.733364
2022-07-08,5033.287,2024-08-22 22:33:07.733364
2022-07-09,2028.2394,2024-08-22 22:33:07.733364
2022-07-10,676.49146,2024-08-22 22:33:07.733364
2022-07-11,5348.963,2024-08-22 22:33:07.733364
2022-07-12,5305.551,2024-08-22 22:33:07.733364
2022-07-13,5153.5996,2024-08-22 22:33:07.733364
2022-07-14,5194.593,2024-08-22 07:36:01.705828
2022-07-15,4933.826,2024-08-22 07:36:01.705828
2022-07-16,2402.7834,2024-08-22 07:36:01.705828
2022-07-17,605.1096,2024-08-22 07:36:01.705828
2022-07-18,4463.796,2024-08-22 07:36:01.705828
2022-07-19,4906.9805,2024-08-22 07:36:01.705828
2022-07-20,4654.497,2024-08-22 07:36:01.705828
2022-07-21,4948.379,2024-08-23 02:37:25.298788
2022-07-22,4692.8535,2024-08-23 02:37:25.298788
2022-07-23,2154.913,2024-08-23 02:37:25.298788
2022-07-24,464.0056,2024-08-23 02:37:25.298788
2022-07-25,3986.41,2024-08-23 02:37:25.298788
2022-07-26,4016.0637,2024-08-23 02:37:25.298788
2022-07-27,3794.7578,2024-08-23 02:37:25.298788
2022-07-28,5403.126,2024-08-22 18:33:06.352011
2022-07-29,5086.852,2024-08-22 18:33:06.352011
2022-07-30,2046.084,2024-08-22 18:33:06.352011
2022-07-31,1035.8369,2024-08-22 18:33:06.352011
2022-08-01,5193.1113,2024-08-22 18:33:06.352011
2022-08-02,5034.672,2024-08-22 18:33:06.352011
2022-08-03,5043.0,2024-08-22 18:33:06.352011
2022-08-04,5359.3774,2024-08-22 19:47:13.306998
2022-08-05,5192.301,2024-08-22 19:47:13.306998
2022-08-06,2568.304,2024-08-22 19:47:13.306998
2022-08-07,1156.5444,2024-08-22 19:47:13.306998
2022-08-08,4806.1904,2024-08-22 19:47:13.306998
2022-08-09,4776.3896,2024-08-22 19:47:13.306998
2022-08-10,4329.962,2024-08-22 19:47:13.306998
2022-08-11,5666.703,2024-08-23 02:43:11.848810
2022-08-12,5676.902,2024-08-23 02:43:11.848810
2022-08-13,2075.7556,2024-08-23 02:43:11.848810
2022-08-14,1089.6472,2024-08-23 02:43:11.848810
2022-08-15,5020.4185,2024-08-23 02:43:11.848810
2022-08-16,4906.1665,2024-08-23 02:43:11.848810
2022-08-17,4283.4316,2024-08-23 02:43:11.848810
2022-08-18,4976.7705,2024-08-22 11:46:55.546154
2022-08-19,5306.07,2024-08-22 11:46:55.546154
2022-08-20,2598.623,2024-08-22 11:46:55.546154
2022-08-21,414.70557,2024-08-22 11:46:55.546154
2022-08-22,5103.6235,2024-08-22 11:46:55.546154
2022-08-23,4761.0835,2024-08-22 11:46:55.546154
2022-08-24,4952.9985,2024-08-22 11:46:55.546154
2022-08-25,5140.6797,2024-08-23 01:37:45.859592
2022-08-26,4588.2715,2024-08-23 01:37:45.859592
2022-08-27,2281.4805,2024-08-23 01:37:45.859592
2022-08-28,524.7805,2024-08-23 01:37:45.859592
2022-08-29,4525.0713,2024-08-23 01:37:45.859592
2022-08-30,4480.3696,2024-08-23 01:37:45.859592
2022-08-31,4695.207,2024-08-23 01:37:45.859592
2022-09-01,4750.1934,2024-08-22 02:53:45.190535
2022-09-02,5125.438,2024-08-22 02:53:45.190535
2022-09-03,2429.1191,2024-08-22 02:53:45.190535
2022-09-04,874.27344,2024-08-22 02:53:45.190535
2022-09-05,5400.2837,2024-08-22 02:53:45.190535
2022-09-06,5727.118,2024-08-22 02:53:45.190535
2022-09-07,4838.906,2024-08-22 02:53:45.190535
2022-09-08,5519.206,2024-08-22 20:42:24.554899
2022-09-09,5087.6074,2024-08-22 20:42:24.554899
2022-09-10,2307.3442,2024-08-22 20:42:24.554899
2022-09-11,946.87866,2024-08-22 20:42:24.554899
2022-09-12,5224.3916,2024-08-22 20:42:24.554899
2022-09-13,5366.1694,2024-08-22 20:42:24.554899
2022-09-14,4783.632,2024-08-22 20:42:24.554899
2022-09-15,5468.6133,2024-08-22 10:53:55.750300
2022-09-16,4931.911,2024-08-22 10:53:55.750300
2022-09-17,2454.7637,2024-08-22 10:53:55.750300
2022-09-18,276.92407,2024-08-22 10:53:55.750300
2022-09-19,4702.124,2024-08-22 10:53:55.750300
2022-09-20,4899.452,2024-08-22 10:53:55.750300
2022-09-21,4743.1245,2024-08-22 10:53:55.750300
2022-09-22,4940.558,2024-08-22 00:03:12.614218
2022-09-23,4847.2944,2024-08-22 00:03:12.614218
2022-09-24,2158.2476,2024-08-22 00:03:12.614218
2022-09-25,488.96313,2024-08-22 00:03:12.614218
2022-09-26,4170.175,2024-08-22 00:03:12.614218
2022-09-27,4318.677,2024-08-22 00:03:12.614218
2022-09-28,4124.1143,2024-08-22 00:03:12.614218
2022-09-29,5663.158,2024-08-22 06:52:04.311682
2022-09-30,5527.0356,2024-08-22 06:52:04.311682
2022-10-01,2518.457,2024-08-22 06:52:04.311682
2022-10-02,683.6719,2024-08-22 06:52:04.311682
2022-10-03,5400.0293,2024-08-22 06:52:04.311682
2022-10-04,5927.972,2024-08-22 06:52:04.311682
2022-10-05,5549.3,2024-08-22 06:52:04.311682
2022-10-06,5192.741,2024-08-22 12:40:06.388096
2022-10-07,5224.276,2024-08-22 12:40:06.388096
2022-10-08,2451.5322,2024-08-22 12:40:06.388096
2022-10-09,701.03784,2024-08-22 12:40:06.388096
2022-10-10,4975.1963,2024-08-22 12:40:06.388096
2022-10-11,5058.4795,2024-08-22 12:40:06.388096
2022-10-12,4718.8037,2024-08-22 12:40:06.388096
2022-10-13,5386.2256,2024-08-22 07:15:17.121189
2022-10-14,3221.895,2024-08-22 07:15:17.121189
2022-10-15,3554.1272,2024-08-22 07:15:17.121189
2022-10-16,1310.915,2024-08-22 07:15:17.121189
2022-10-17,4688.228,2024-08-22 07:15:17.121189
2022-10-18,5764.2754,2024-08-22 07:15:17.121189
2022-10-19,5125.3213,2024-08-22 07:15:17.121189
2022-10-20,5280.457,2024-08-22 12:52:38.740750
2022-10-21,5103.1772,2024-08-22 12:52:38.740750
2022-10-22,2116.7554,2024-08-22 12:52:38.740750
2022-10-23,669.4514,2024-08-22 12:52:38.740750
2022-10-24,5084.9893,2024-08-22 12:52:38.740750
2022-10-25,5286.4307,2024-08-22 12:52:38.740750
2022-10-26,5231.245,2024-08-22 12:52:38.740750
2022-10-27,5006.4087,2024-08-23 00:45:06.498868
2022-10-28,4107.655,2024-08-23 00:45:06.498868
2022-10-29,1613.534,2024-08-23 00:45:06.498868
2022-10-30,417.78516,2024-08-23 00:45:06.498868
2022-10-31,4287.719,2024-08-23 00:45:06.498868
2022-11-01,4584.547,2024-08-23 00:45:06.498868
2022-11-02,4551.7607,2024-08-23 00:45:06.498868
2022-11-03,5914.503,2024-08-22 00:45:07.283770
2022-11-04,5471.0947,2024-08-22 00:45:07.283770
2022-11-05,2672.3398,2024-08-22 00:45:07.283770
2022-11-06,1007.5864,2024-08-22 00:45:07.283770
2022-11-07,5436.786,2024-08-22 00:45:07.283770
2022-11-08,5814.997,2024-08-22 00:45:07.283770
2022-11-09,5745.361,2024-08-22 00:45:07.283770
2022-11-10,5053.369,2024-08-23 01:18:30.509938
2022-11-11,4605.9004,2024-08-23 01:18:30.509938
2022-11-12,1981.3639,2024-08-23 01:18:30.509938
2022-11-13,501.45654,2024-08-23 01:18:30.509938
2022-11-14,4767.96,2024-08-23 01:18:30.509938
2022-11-15,4438.4326,2024-08-23 01:18:30.509938
2022-11-16,4028.757,2024-08-23 01:18:30.509938
2022-11-17,5322.831,2024-08-22 05:35:01.017274
2022-11-18,4761.3833,2024-08-22 05:35:01.017274
2022-11-19,2608.4233,2024-08-22 05:35:01.017274
2022-11-20,877.07324,2024-08-22 05:35:01.017274
2022-11-21,4926.3047,2024-08-22 05:35:01.017274
2022-11-22,5344.7837,2024-08-22 05:35:01.017274
2022-11-23,5038.56,2024-08-22 05:35:01.017274
2022-11-24,5469.9937,2024-08-22 03:28:21.699669
2022-11-25,4475.888,2024-08-22 03:28:21.699669
2022-11-26,1877.0315,2024-08-22 03:28:21.699669
2022-11-27,384.62305,2024-08-22 03:28:21.699669
2022-11-28,4586.838,2024-08-22 03:28:21.699669
2022-11-29,4650.4766,2024-08-22 03:28:21.699669
2022-11-30,5242.4287,2024-08-22 03:28:21.699669
2022-12-01,5910.4863,2024-08-22 21:27:38.203935
2022-12-02,5001.624,2024-08-22 21:27:38.203935
2022-12-03,3062.0593,2024-08-22 21:27:38.203935
2022-12-04,1845.6415,2024-08-22 21:27:38.203935
2022-12-05,5830.679,2024-08-22 21:27:38.203935
2022-12-06,5962.086,2024-08-22 21:27:38.203935
2022-12-07,6174.2188,2024-08-22 21:27:38.203935
2022-12-08,5201.9775,2024-08-22 05:28:49.106528
2022-12-09,5145.908,2024-08-22 05:28:49.106528
2022-12-10,2554.3809,2024-08-22 05:28:49.106528
2022-12-11,1137.1306,2024-08-22 05:28:49.106528
2022-12-12,5393.4854,2024-08-22 05:28:49.106528
2022-12-13,5596.867,2024-08-22 05:28:49.106528
2022-12-14,4801.299,2024-08-22 05:28:49.106528
2022-12-15,4662.3525,2024-08-22 05:53:10.766214
2022-12-16,3182.875,2024-08-22 05:53:10.766214
2022-12-17,2205.7969,2024-08-22 05:53:10.766214
2022-12-18,1396.481,2024-08-22 05:53:10.766214
2022-12-19,5231.7393,2024-08-22 05:53:10.766214
2022-12-20,5357.7046,2024-08-22 05:53:10.766214
2022-12-21,5270.82,2024-08-22 05:53:10.766214
2022-12-22,5876.299,2024-08-22 06:02:23.784605
2022-12-23,5855.963,2024-08-22 06:02:23.784605
2022-12-24,3024.239,2024-08-22 06:02:23.784605
2022-12-25,1242.3735,2024-08-22 06:02:23.784605
2022-12-26,5037.158,2024-08-22 06:02:23.784605
2022-12-27,5011.9775,2024-08-22 06:02:23.784605
2022-12-28,4886.543,2024-08-22 06:02:23.784605
2022-12-29,5397.776,2024-08-22 12:06:34.785362
2022-12-30,4986.21,2024-08-22 12:06:34.785362
2022-12-31,1856.887,2024-08-22 12:06:34.785362
2023-01-01,392.2959,2024-08-22 12:06:34.785362
2023-01-02,5743.465,2024-08-22 12:06:34.785362
2023-01-03,5703.6904,2024-08-22 12:06:34.785362
2023-01-04,5576.1436,2024-08-22 12:06:34.785362
2023-01-05,4945.087,2024-08-22 07:21:53.821085
2023-01-06,3932.4966,2024-08-22 07:21:53.821085
2023-01-07,1907.7642,2024-08-22 07:21:53.821085
2023-01-08,622.1492,2024-08-22 07:21:53.821085
2023-01-09,4454.7153,2024-08-22 07:21:53.821085
2023-01-10,4861.4824,2024-08-22 07:21:53.821085
2023-01-11,4626.9263,2024-08-22 07:21:53.821085
2023-01-12,4515.8267,2024-08-22 19:15:29.506294
2023-01-13,4005.4702,2024-08-22 19:15:29.506294
2023-01-14,1938.5999,2024-08-22 19:15:29.506294
2023-01-15,1014.0498,2024-08-22 19:15:29.506294
2023-01-16,4098.722,2024-08-22 19:15:29.506294
2023-01-17,4267.4053,2024-08-22 19:15:29.506294
2023-01-18,4108.388,2024-08-22 19:15:29.506294
2023-01-19,5043.2075,2024-08-22 06:26:20.436948
2023-01-20,4111.106,2024-08-22 06:26:20.436948
2023-01-21,2440.1592,2024-08-22 06:26:20.436948
2023-01-22,592.3474,2024-08-22 06:26:20.436948
2023-01-23,3244.8,2024-08-22 06:26:20.436948
2023-01-24,4343.3013,2024-08-22 06:26:20.436948
2023-01-25,4867.3906,2024-08-22 06:26:20.436948
2023-01-26,4224.9546,2024-08-22 11:59:49.308255
2023-01-27,3400.0518,2024-08-22 11:59:49.308255
2023-01-28,1584.592,2024-08-22 11:59:49.308255
2023-01-29,796.209,2024-08-22 11:59:49.308255
2023-01-30,4245.7427,2024-08-22 11:59:49.308255
2023-01-31,4136.079,2024-08-22 11:59:49.308255
2023-02-01,4611.536,2024-08-22 11:59:49.308255
2023-02-02,4385.424,2024-08-23 03:00:38.941926
2023-02-03,3926.7048,2024-08-23 03:00:38.941926
2023-02-04,1751.5935,2024-08-23 03:00:38.941926
2023-02-05,708.9878,2024-08-23 03:00:38.941926
2023-02-06,4462.812,2024-08-23 03:00:38.941926
2023-02-07,4371.354,2024-08-23 03:00:38.941926
2023-02-08,4419.6577,2024-08-23 03:00:38.941926
2023-02-09,5141.4404,2024-08-22 04:09:30.203474
2023-02-10,4738.631,2024-08-22 04:09:30.203474
2023-02-11,2201.066,2024-08-22 04:09:30.203474
2023-02-12,923.6875,2024-08-22 04:09:30.203474
2023-02-13,5106.2095,2024-08-22 04:09:30.203474
2023-02-14,5399.9062,2024-08-22 04:09:30.203474
2023-02-15,4824.421,2024-08-22 04:09:30.203474
2023-02-16,5360.901,2024-08-22 08:45:53.256381
2023-02-17,4277.2285,2024-08-22 08:45:53.256381
2023-02-18,2585.9502,2024-08-22 08:45:53.256381
2023-02-19,1349.6477,2024-08-22 08:45:53.256381
2023-02-20,4956.1323,2024-08-22 08:45:53.256381
2023-02-21,5100.775,2024-08-22 08:45:53.256381
2023-02-22,4987.6514,2024-08-22 08:45:53.256381
2023-02-23,4306.569,2024-08-22 19:27:08.543570
2023-02-24,3794.284,2024-08-22 19:27:08.543570
2023-02-25,1976.7994,2024-08-22 19:27:08.543570
2023-02-26,283.35742,2024-08-22 19:27:08.543570
2023-02-27,3857.1099,2024-08-22 19:27:08.543570
2023-02-28,3520.5935,2024-08-22 19:27:08.543570
2023-03-01,4277.9834,2024-08-22 19:27:08.543570
2023-03-02,4667.27,2024-08-23 03:20:59.131661
2023-03-03,4424.958,2024-08-23 03:20:59.131661
2023-03-04,1906.4336,2024-08-23 03:20:59.131661
2023-03-05,954.9541,2024-08-23 03:20:59.131661
2023-03-06,4421.3877,2024-08-23 03:20:59.131661
2023-03-07,4435.6064,2024-08-23 03:20:59.131661
2023-03-08,4256.0894,2024-08-23 03:20:59.131661
2023-03-09,4769.1914,2024-08-22 01:01:25.730377
2023-03-10,4425.5596,2024-08-22 01:01:25.730377
2023-03-11,1972.2032,2024-08-22 01:01:25.730377
2023-03-12,376.17065,2024-08-22 01:01:25.730377
2023-03-13,4688.3257,2024-08-22 01:01:25.730377
2023-03-14,4085.6758,2024-08-22 01:01:25.730377
2023-03-15,4191.289,2024-08-22 01:01:25.730377
2023-03-16,5237.9404,2024-08-23 03:51:51.644828
2023-03-17,4650.408,2024-08-23 03:51:51.644828
2023-03-18,2129.1401,2024-08-23 03:51:51.644828
2023-03-19,966.1846,2024-08-23 03:51:51.644828
2023-03-20,5269.3154,2024-08-23 03:51:51.644828
2023-03-21,4949.6455,2024-08-23 03:51:51.644828
2023-03-22,4627.299,2024-08-23 03:51:51.644828
2023-03-23,4486.3374,2024-08-22 01:52:43.871057
2023-03-24,4033.734,2024-08-22 01:52:43.871057
2023-03-25,1672.8422,2024-08-22 01:52:43.871057
2023-03-26,685.7881,2024-08-22 01:52:43.871057
2023-03-27,4298.1855,2024-08-22 01:52:43.871057
2023-03-28,4154.7725,2024-08-22 01:52:43.871057
2023-03-29,4017.2437,2024-08-22 01:52:43.871057
2023-03-30,4171.913,2024-08-22 01:40:35.966844
2023-03-31,2842.6753,2024-08-22 01:40:35.966844
2023-04-01,2233.4485,2024-08-22 01:40:35.966844
2023-04-02,1252.9473,2024-08-22 01:40:35.966844
2023-04-03,4830.122,2024-08-22 01:40:35.966844
2023-04-04,4858.367,2024-08-22 01:40:35.966844
2023-04-05,4937.021,2024-08-22 01:40:35.966844
2023-04-06,3795.713,2024-08-22 21:04:21.714362
2023-04-07,3544.7307,2024-08-22 21:04:21.714362
2023-04-08,2145.6653,2024-08-22 21:04:21.714362
2023-04-09,389.1128,2024-08-22 21:04:21.714362
2023-04-10,4085.8887,2024-08-22 21:04:21.714362
2023-04-11,3722.568,2024-08-22 21:04:21.714362
2023-04-12,3838.9421,2024-08-22 21:04:21.714362
2023-04-13,4328.439,2024-08-23 02:17:23.375562
2023-04-14,3688.1755,2024-08-23 02:17:23.375562
2023-04-15,1968.0403,2024-08-23 02:17:23.375562
2023-04-16,1018.56274,2024-08-23 02:17:23.375562
2023-04-17,4917.057,2024-08-23 02:17:23.375562
2023-04-18,4958.3174,2024-08-23 02:17:23.375562
2023-04-19,5064.2734,2024-08-23 02:17:23.375562
2023-04-20,4465.665,2024-08-22 08:29:08.794855
2023-04-21,3813.008,2024-08-22 08:29:08.794855
2023-04-22,2298.4707,2024-08-22 08:29:08.794855
2023-04-23,1330.4336,2024-08-22 08:29:08.794855
2023-04-24,4543.009,2024-08-22 08:29:08.794855
2023-04-25,4453.958,2024-08-22 08:29:08.794855
2023-04-26,4284.826,2024-08-22 08:29:08.794855
2023-04-27,4560.0996,2024-08-22 07:04:26.914889
2023-04-28,4036.8547,2024-08-22 07:04:26.914889
2023-04-29,2025.3865,2024-08-22 07:04:26.914889
2023-04-30,1037.1614,2024-08-22 07:04:26.914889
2023-05-01,4310.0576,2024-08-22 07:04:26.914889
2023-05-02,4631.1494,2024-08-22 07:04:26.914889
2023-05-03,4539.952,2024-08-22 07:04:26.914889
2023-05-04,4499.441,2024-08-22 03:54:03.496532
2023-05-05,3868.7844,2024-08-22 03:54:03.496532
2023-05-06,2463.7764,2024-08-22 03:54:03.496532
2023-05-07,1030.2056,2024-08-22 03:54:03.496532
2023-05-08,4239.6543,2024-08-22 03:54:03.496532
2023-05-09,4097.3164,2024-08-22 03:54:03.496532
2023-05-10,4674.978,2024-08-22 03:54:03.496532
2023-05-11,4647.9062,2024-08-21 23:39:51.443641
2023-05-12,4224.128,2024-08-21 23:39:51.443641
2023-05-13,2119.4536,2024-08-21 23:39:51.443641
2023-05-14,949.4839,2024-08-21 23:39:51.443641
2023-05-15,4407.5938,2024-08-21 23:39:51.443641
2023-05-16,4525.5537,2024-08-21 23:39:51.443641
2023-05-17,4391.987,2024-08-21 23:39:51.443641
2023-05-18,3969.7368,2024-08-22 00:11:41.115394
2023-05-19,3157.9932,2024-08-22 00:11:41.115394
2023-05-20,1484.8892,2024-08-22 00:11:41.115394
2023-05-21,880.3635,2024-08-22 00:11:41.115394
2023-05-22,4151.2114,2024-08-22 00:11:41.115394
2023-05-23,4049.053,2024-08-22 00:11:41.115394
2023-05-24,4006.2852,2024-08-22 00:11:41.115394
2023-05-25,3807.2883,2024-08-23 00:29:01.745047
2023-05-26,3453.3494,2024-08-23 00:29:01.745047
2023-05-27,1609.3812,2024-08-23 00:29:01.745047
2023-05-28,719.18677,2024-08-23 00:29:01.745047
2023-05-29,3767.955,2024-08-23 00:29:01.745047
2023-05-30,3775.2405,2024-08-23 00:29:01.745047
2023-05-31,3582.7434,2024-08-23 00:29:01.745047
2023-06-01,3666.9917,2024-08-22 21:33:47.056262
2023-06-02,3063.2817,2024-08-22 21:33:47.056262
2023-06-03,1996.3368,2024-08-22 21:33:47.056262
2023-06-04,1890.8522,2024-08-22 21:33:47.056262
2023-06-05,4499.698,2024-08-22 21:33:47.056262
2023-06-06,4703.535,2024-08-22 21:33:47.056262
2023-06-07,4498.803,2024-08-22 21:33:47.056262
2023-06-08,4689.299,2024-08-22 07:51:25.298598
2023-06-09,4271.1006,2024-08-22 07:51:25.298598
2023-06-10,2195.222,2024-08-22 07:51:25.298598
2023-06-11,1170.617,2024-08-22 07:51:25.298598
2023-06-12,4352.5083,2024-08-22 07:51:25.298598
2023-06-13,4439.9004,2024-08-22 07:51:25.298598
2023-06-14,4620.8887,2024-08-22 07:51:25.298598
2023-06-15,3719.014,2024-08-22 22:40:51.380195
2023-06-16,3179.7297,2024-08-22 22:40:51.380195
2023-06-17,1704.4391,2024-08-22 22:40:51.380195
2023-06-18,762.03174,2024-08-22 22:40:51.380195
2023-06-19,3944.617,2024-08-22 22:40:51.380195
2023-06-20,3738.1545,2024-08-22 22:40:51.380195
2023-06-21,3612.1738,2024-08-22 22:40:51.380195
2023-06-22,3996.0686,2024-08-22 02:44:33.589264
2023-06-23,3503.901,2024-08-22 02:44:33.589264
2023-06-24,1724.3014,2024-08-22 02:44:33.589264
2023-06-25,823.5388,2024-08-22 02:44:33.589264
2023-06-26,3259.0168,2024-08-22 02:44:33.589264
2023-06-27,3676.5735,2024-08-22 02:44:33.589264
2023-06-28,4066.7786,2024-08-22 02:44:33.589264
2023-06-29,3702.3372,2024-08-22 05:44:31.337222
2023-06-30,3356.4878,2024-08-22 05:44:31.337222
2023-07-01,1880.466,2024-08-22 05:44:31.337222
2023-07-02,922.24854,2024-08-22 05:44:31.337222
2023-07-03,4102.259,2024-08-22 05:44:31.337222
2023-07-04,4319.9146,2024-08-22 05:44:31.337222
2023-07-05,4370.7036,2024-08-22 05:44:31.337222
2023-07-06,3597.1904,2024-08-22 01:16:54.870517
2023-07-07,3041.0884,2024-08-22 01:16:54.870517
2023-07-08,1090.9829,2024-08-22 01:16:54.870517
2023-07-09,-89.9729,2024-08-22 01:16:54.870517
2023-07-10,3651.67,2024-08-22 01:16:54.870517
2023-07-11,3734.7676,2024-08-22 01:16:54.870517
2023-07-12,3635.6235,2024-08-22 01:16:54.870517
2023-07-13,4011.757,2024-08-22 00:22:28.798449
2023-07-14,3322.3755,2024-08-22 00:22:28.798449
2023-07-15,1648.832,2024-08-22 00:22:28.798449
2023-07-16,904.4885,2024-08-22 00:22:28.798449
2023-07-17,3749.8286,2024-08-22 00:22:28.798449
2023-07-18,3967.8176,2024-08-22 00:22:28.798449
2023-07-19,3854.379,2024-08-22 00:22:28.798449
2023-07-20,3876.5444,2024-08-22 07:09:53.998037
2023-07-21,3104.6223,2024-08-22 07:09:53.998037
2023-07-22,1606.5553,2024-08-22 07:09:53.998037
2023-07-23,164.12085,2024-08-22 07:09:53.998037
2023-07-24,3940.1394,2024-08-22 07:09:53.998037
2023-07-25,4253.6504,2024-08-22 07:09:53.998037
2023-07-26,3819.2659,2024-08-22 07:09:53.998037
2023-07-27,3861.8564,2024-08-22 04:17:09.660010
2023-07-28,3149.277,2024-08-22 04:17:09.660010
2023-07-29,1875.9191,2024-08-22 04:17:09.660010
2023-07-30,1059.052,2024-08-22 04:17:09.660010
2023-07-31,3538.4639,2024-08-22 04:17:09.660010
2023-08-01,4303.8433,2024-08-22 04:17:09.660010
2023-08-02,4288.6836,2024-08-22 04:17:09.660010
2023-08-03,3974.3462,2024-08-23 03:59:16.895616
2023-08-04,3580.3474,2024-08-23 03:59:16.895616
2023-08-05,1907.2804,2024-08-23 03:59:16.895616
2023-08-06,1089.7046,2024-08-23 03:59:16.895616
2023-08-07,4077.6265,2024-08-23 03:59:16.895616
2023-08-08,4048.323,2024-08-23 03:59:16.895616
2023-08-09,4156.0044,2024-08-23 03:59:16.895616
2023-08-10,3512.4353,2024-08-22 04:51:29.616564
2023-08-11,2862.258,2024-08-22 04:51:29.616564
2023-08-12,1233.5603,2024-08-22 04:51:29.616564
2023-08-13,522.4033,2024-08-22 04:51:29.616564
2023-08-14,3860.7085,2024-08-22 04:51:29.616564
2023-08-15,3851.9126,2024-08-22 04:51:29.616564
2023-08-16,3653.2563,2024-08-22 04:51:29.616564
2023-08-17,4283.795,2024-08-22 12:59:23.123330
2023-08-18,3398.9568,2024-08-22 12:59:23.123330
2023-08-19,1531.2927,2024-08-22 12:59:23.123330
2023-08-20,554.1428,2024-08-22 12:59:23.123330
2023-08-21,3573.4958,2024-08-22 12:59:23.123330
2023-08-22,3894.301,2024-08-22 12:59:23.123330
2023-08-23,4117.1895,2024-08-22 12:59:23.123330
2023-08-24,3384.2822,2024-08-23 03:37:55.431406
2023-08-25,2930.159,2024-08-23 03:37:55.431406
2023-08-26,1157.8696,2024-08-23 03:37:55.431406
2023-08-27,183.6272,2024-08-23 03:37:55.431406
2023-08-28,2869.6814,2024-08-23 03:37:55.431406
2023-08-29,3064.486,2024-08-23 03:37:55.431406
2023-08-30,3250.9233,2024-08-23 03:37:55.431406
2023-08-31,3153.3699,2024-08-22 20:05:47.909881
2023-09-01,3139.5344,2024-08-22 20:05:47.909881
2023-09-02,1182.3713,2024-08-22 20:05:47.909881
2023-09-03,500.21875,2024-08-22 20:05:47.909881
2023-09-04,3690.2534,2024-08-22 20:05:47.909881
2023-09-05,3531.857,2024-08-22 20:05:47.909881
2023-09-06,3469.2366,2024-08-22 20:05:47.909881
2023-09-07,3469.5444,2024-08-22 00:55:09.077479
2023-09-08,2781.2158,2024-08-22 00:55:09.077479
2023-09-09,1483.2183,2024-08-22 00:55:09.077479
2023-09-10,825.6802,2024-08-22 00:55:09.077479
2023-09-11,3439.844,2024-08-22 00:55:09.077479
2023-09-12,3501.1897,2024-08-22 00:55:09.077479
2023-09-13,3381.4639,2024-08-22 00:55:09.077479
2023-09-14,3489.5042,2024-08-23 03:45:33.688991
2023-09-15,3134.1475,2024-08-23 03:45:33.688991
2023-09-16,1864.2811,2024-08-23 03:45:33.688991
2023-09-17,887.7173,2024-08-23 03:45:33.688991
2023-09-18,3750.7952,2024-08-23 03:45:33.688991
2023-09-19,3697.2402,2024-08-23 03:45:33.688991
2023-09-20,3630.537,2024-08-23 03:45:33.688991
2023-09-21,3221.9978,2024-08-23 01:26:28.644068
2023-09-22,3057.219,2024-08-23 01:26:28.644068
2023-09-23,1627.0083,2024-08-23 01:26:28.644068
2023-09-24,958.7388,2024-08-23 01:26:28.644068
2023-09-25,3408.7012,2024-08-23 01:26:28.644068
2023-09-26,3559.1099,2024-08-23 01:26:28.644068
2023-09-27,3465.662,2024-08-23 01:26:28.644068
2023-09-28,3531.5935,2024-08-22 04:35:42.275068
2023-09-29,3104.9712,2024-08-22 04:35:42.275068
2023-09-30,1520.1935,2024-08-22 04:35:42.275068
2023-10-01,1238.374,2024-08-22 04:35:42.275068
2023-10-02,4070.6965,2024-08-22 04:35:42.275068
2023-10-03,3819.193,2024-08-22 04:35:42.275068
2023-10-04,3821.3062,2024-08-22 04:35:42.275068
2023-10-05,3725.1477,2024-08-22 02:25:06.851367
2023-10-06,2930.8525,2024-08-22 02:25:06.851367
2023-10-07,1724.5016,2024-08-22 02:25:06.851367
2023-10-08,800.96265,2024-08-22 02:25:06.851367
2023-10-09,3593.1255,2024-08-22 02:25:06.851367
2023-10-10,3778.637,2024-08-22 02:25:06.851367
2023-10-11,3718.9753,2024-08-22 02:25:06.851367
2023-10-12,3667.6523,2024-08-22 02:33:01.974713
2023-10-13,3297.5586,2024-08-22 02:33:01.974713
2023-10-14,1618.743,2024-08-22 02:33:01.974713
2023-10-15,732.9563,2024-08-22 02:33:01.974713
2023-10-16,3497.9575,2024-08-22 02:33:01.974713
2023-10-17,3663.2732,2024-08-22 02:33:01.974713
2023-10-18,3621.047,2024-08-22 02:33:01.974713
2023-10-19,3337.537,2024-08-22 04:25:19.934081
2023-10-20,2561.6394,2024-08-22 04:25:19.934081
2023-10-21,1596.5029,2024-08-22 04:25:19.934081
2023-10-22,661.98975,2024-08-22 04:25:19.934081
2023-10-23,3397.98,2024-08-22 04:25:19.934081
2023-10-24,3252.646,2024-08-22 04:25:19.934081
2023-10-25,3575.498,2024-08-22 04:25:19.934081
2023-10-26,3522.1624,2024-08-22 12:14:59.163966
2023-10-27,3155.1045,2024-08-22 12:14:59.163966
2023-10-28,2171.34,2024-08-22 12:14:59.163966
2023-10-29,1242.8276,2024-08-22 12:14:59.163966
2023-10-30,3926.374,2024-08-22 12:14:59.163966
2023-10-31,3792.9927,2024-08-22 12:14:59.163966
2023-11-01,3768.656,2024-08-22 12:14:59.163966
2023-11-02,3408.8691,2024-08-22 09:22:30.700462
2023-11-03,2975.271,2024-08-22 09:22:30.700462
2023-11-04,1528.0647,2024-08-22 09:22:30.700462
2023-11-05,967.6648,2024-08-22 09:22:30.700462
2023-11-06,3563.4734,2024-08-22 09:22:30.700462
2023-11-07,3576.1565,2024-08-22 09:22:30.700462
2023-11-08,3726.6914,2024-08-22 09:22:30.700462
2023-11-09,3929.2314,2024-08-23 02:51:13.248379
2023-11-10,3307.7583,2024-08-23 02:51:13.248379
2023-11-11,1613.7164,2024-08-23 02:51:13.248379
2023-11-12,899.09766,2024-08-23 02:51:13.248379
2023-11-13,3781.7742,2024-08-23 02:51:13.248379
2023-11-14,4092.512,2024-08-23 02:51:13.248379
2023-11-15,3958.091,2024-08-23 02:51:13.248379
2023-11-16,3058.511,2024-08-22 07:30:16.575446
2023-11-17,2833.684,2024-08-22 07:30:16.575446
2023-11-18,1458.3555,2024-08-22 07:30:16.575446
2023-11-19,726.8684,2024-08-22 07:30:16.575446
2023-11-20,3412.162,2024-08-22 07:30:16.575446
2023-11-21,3386.3264,2024-08-22 07:30:16.575446
2023-11-22,3392.1064,2024-08-22 07:30:16.575446
2023-11-23,3098.3276,2024-08-22 20:25:04.980400
2023-11-24,3396.1846,2024-08-22 20:25:04.980400
2023-11-25,1383.7903,2024-08-22 20:25:04.980400
2023-11-26,199.43652,2024-08-22 20:25:04.980400
2023-11-27,2996.289,2024-08-22 20:25:04.980400
2023-11-28,3368.5095,2024-08-22 20:25:04.980400
2023-11-29,3866.2407,2024-08-22 20:25:04.980400
2023-11-30,2896.6526,2024-08-22 01:24:12.099586
2023-12-01,2842.5251,2024-08-22 01:24:12.099586
2023-12-02,1656.7227,2024-08-22 01:24:12.099586
2023-12-03,878.91113,2024-08-22 01:24:12.099586
2023-12-04,3657.124,2024-08-22 01:24:12.099586
2023-12-05,3717.7256,2024-08-22 01:24:12.099586
2023-12-06,3611.085,2024-08-22 01:24:12.099586
2023-12-07,4054.6428,2024-08-22 19:41:21.107776
2023-12-08,3539.952,2024-08-22 19:41:21.107776
2023-12-09,2062.4634,2024-08-22 19:41:21.107776
2023-12-10,1252.5247,2024-08-22 19:41:21.107776
2023-12-11,4064.69,2024-08-22 19:41:21.107776
2023-12-12,4053.559,2024-08-22 19:41:21.107776
2023-12-13,4142.658,2024-08-22 19:41:21.107776
2023-12-14,4071.7493,2024-08-22 03:36:53.304226
2023-12-15,3061.9536,2024-08-22 03:36:53.304226
2023-12-16,2064.8901,2024-08-22 03:36:53.304226
2023-12-17,1888.9136,2024-08-22 03:36:53.304226
2023-12-18,3726.7861,2024-08-22 03:36:53.304226
2023-12-19,3700.758,2024-08-22 03:36:53.304226
2023-12-20,3575.6436,2024-08-22 03:36:53.304226
2023-12-21,3115.3086,2024-08-23 04:22:42.167061
2023-12-22,2597.5989,2024-08-23 04:22:42.167061
2023-12-23,813.8347,2024-08-23 04:22:42.167061
2023-12-24,189.64966,2024-08-23 04:22:42.167061
2023-12-25,3042.7158,2024-08-23 04:22:42.167061
2023-12-26,3096.4626,2024-08-23 04:22:42.167061
2023-12-27,3205.3145,2024-08-23 04:22:42.167061
2023-12-28,2820.8037,2024-08-22 11:40:49.194697
2023-12-29,2548.9336,2024-08-22 11:40:49.194697
2023-12-30,1680.5461,2024-08-22 11:40:49.194697
2023-12-31,848.8955,2024-08-22 11:40:49.194697
2024-01-01,3537.0415,2024-08-22 11:40:49.194697
2024-01-02,3386.202,2024-08-22 11:40:49.194697
2024-01-03,3700.6294,2024-08-22 11:40:49.194697
2024-01-04,3302.449,2024-08-22 06:10:56.386773
2024-01-05,3237.569,2024-08-22 06:10:56.386773
2024-01-06,1953.7968,2024-08-22 06:10:56.386773
2024-01-07,745.333,2024-08-22 06:10:56.386773
2024-01-08,3245.4773,2024-08-22 06:10:56.386773
2024-01-09,3275.304,2024-08-22 06:10:56.386773
2024-01-10,3839.2993,2024-08-22 06:10:56.386773
2024-01-11,3544.3928,2024-08-22 20:16:37.018829
2024-01-12,3423.7937,2024-08-22 20:16:37.018829
2024-01-13,1782.1665,2024-08-22 20:16:37.018829
2024-01-14,807.08057,2024-08-22 20:16:37.018829
2024-01-15,3574.4944,2024-08-22 20:16:37.018829
2024-01-16,3438.5388,2024-08-22 20:16:37.018829
2024-01-17,3522.611,2024-08-22 20:16:37.018829
2024-01-18,3183.0078,2024-08-22 03:11:55.626642
2024-01-19,3021.6025,2024-08-22 03:11:55.626642
2024-01-20,1252.8533,2024-08-22 03:11:55.626642
2024-01-21,650.6914,2024-08-22 03:11:55.626642
2024-01-22,3426.5286,2024-08-22 03:11:55.626642
2024-01-23,3395.4187,2024-08-22 03:11:55.626642
2024-01-24,3584.0193,2024-08-22 03:11:55.626642
2024-01-25,2959.0818,2024-08-22 22:27:28.119370
2024-01-26,2867.727,2024-08-22 22:27:28.119370
2024-01-27,1424.6516,2024-08-22 22:27:28.119370
2024-01-28,718.39404,2024-08-22 22:27:28.119370
2024-01-29,3736.2825,2024-08-22 22:27:28.119370
2024-01-30,3599.153,2024-08-22 22:27:28.119370
2024-01-31,3674.1663,2024-08-22 22:27:28.119370
2024-02-01,4447.6475,2024-08-22 06:45:00.083779
2024-02-02,3707.9795,2024-08-22 06:45:00.083779
2024-02-03,2148.657,2024-08-22 06:45:00.083779
2024-02-04,1186.3384,2024-08-22 06:45:00.083779
2024-02-05,4318.6963,2024-08-22 06:45:00.083779
2024-02-06,4387.838,2024-08-22 06:45:00.083779
2024-02-07,4584.9385,2024-08-22 06:45:00.083779
2024-02-08,4258.4214,2024-08-22 01:10:14.485799
2024-02-09,3838.5261,2024-08-22 01:10:14.485799
2024-02-10,2064.2063,2024-08-22 01:10:14.485799
2024-02-11,1286.2185,2024-08-22 01:10:14.485799
2024-02-12,4183.7734,2024-08-22 01:10:14.485799
2024-02-13,4177.439,2024-08-22 01:10:14.485799
2024-02-14,3954.0305,2024-08-22 01:10:14.485799
2024-02-15,3090.5994,2024-08-22 16:05:52.788362
2024-02-16,2999.3086,2024-08-22 16:05:52.788362
2024-02-17,1502.6808,2024-08-22 16:05:52.788362
2024-02-18,425.2937,2024-08-22 16:05:52.788362
2024-02-19,2815.9468,2024-08-22 16:05:52.788362
2024-02-20,2988.3179,2024-08-22 16:05:52.788362
2024-02-21,3374.8086,2024-08-22 16:05:52.788362
2024-02-22,3351.699,2024-08-22 08:00:29.497005
2024-02-23,3516.3357,2024-08-22 08:00:29.497005
2024-02-24,1603.0337,2024-08-22 08:00:29.497005
2024-02-25,585.0547,2024-08-22 08:00:29.497005
2024-02-26,3618.8398,2024-08-22 08:00:29.497005
2024-02-27,3504.2334,2024-08-22 08:00:29.497005
2024-02-28,3695.8982,2024-08-22 08:00:29.497005
2024-02-29,3599.147,2024-08-22 08:59:40.967247
2024-03-01,3243.9824,2024-08-22 08:59:40.967247
2024-03-02,1425.161,2024-08-22 08:59:40.967247
2024-03-03,330.4502,2024-08-22 08:59:40.967247
2024-03-04,4031.7092,2024-08-22 08:59:40.967247
2024-03-05,4000.1475,2024-08-22 08:59:40.967247
2024-03-06,4111.6675,2024-08-22 08:59:40.967247
2024-03-07,3682.748,2024-08-22 01:33:23.769068
2024-03-08,3218.3252,2024-08-22 01:33:23.769068
2024-03-09,1807.5314,2024-08-22 01:33:23.769068
2024-03-10,889.8721,2024-08-22 01:33:23.769068
2024-03-11,3782.812,2024-08-22 01:33:23.769068
2024-03-12,3868.85,2024-08-22 01:33:23.769068
2024-03-13,3851.8076,2024-08-22 01:33:23.769068
2024-03-14,4123.1284,2024-08-23 00:54:39.201534
2024-03-15,3420.4353,2024-08-23 00:54:39.201534
2024-03-16,2008.2798,2024-08-23 00:54:39.201534
2024-03-17,1081.218,2024-08-23 00:54:39.201534
2024-03-18,3497.6145,2024-08-23 00:54:39.201534
2024-03-19,3545.159,2024-08-23 00:54:39.201534
2024-03-20,3734.6055,2024-08-23 00:54:39.201534
2024-03-21,4338.722,2024-08-23 02:10:21.311119
2024-03-22,3936.46,2024-08-23 02:10:21.311119
2024-03-23,1892.9071,2024-08-23 02:10:21.311119
2024-03-24,824.6072,2024-08-23 02:10:21.311119
2024-03-25,3499.0024,2024-08-23 02:10:21.311119
2024-03-26,3895.1033,2024-08-23 02:10:21.311119
2024-03-27,3939.7554,2024-08-23 02:10:21.311119
2024-03-28,3076.7385,2024-08-22 05:16:53.479315
2024-03-29,2893.6382,2024-08-22 05:16:53.479315
2024-03-30,1261.9629,2024-08-22 05:16:53.479315
2024-03-31,409.15112,2024-08-22 05:16:53.479315
2024-04-01,3561.3423,2024-08-22 05:16:53.479315
2024-04-02,3473.5347,2024-08-22 05:16:53.479315
2024-04-03,3404.2546,2024-08-22 05:16:53.479315
2024-04-04,2977.215,2024-08-22 06:19:51.310041
2024-04-05,2099.8086,2024-08-22 06:19:51.310041
2024-04-06,1536.5989,2024-08-22 06:19:51.310041
2024-04-07,283.3357,2024-08-22 06:19:51.310041
2024-04-08,3523.5618,2024-08-22 06:19:51.310041
2024-04-09,3491.508,2024-08-22 06:19:51.310041
2024-04-10,3851.6206,2024-08-22 06:19:51.310041
2024-04-11,4044.3909,2024-08-22 20:51:45.143658
2024-04-12,3625.7039,2024-08-22 20:51:45.143658
2024-04-13,1665.9099,2024-08-22 20:51:45.143658
2024-04-14,-85.744385,2024-08-22 20:51:45.143658
2024-04-15,5023.2744,2024-08-22 20:51:45.143658
2024-04-16,5234.5254,2024-08-22 20:51:45.143658
2024-04-17,4532.3794,2024-08-22 20:51:45.143658
2024-04-18,3187.2124,2024-08-22 21:42:42.863981
2024-04-19,2714.3337,2024-08-22 21:42:42.863981
2024-04-20,1441.6381,2024-08-22 21:42:42.863981
2024-04-21,561.61035,2024-08-22 21:42:42.863981
2024-04-22,3165.7258,2024-08-22 21:42:42.863981
2024-04-23,3236.4194,2024-08-22 21:42:42.863981
2024-04-24,3263.1545,2024-08-22 21:42:42.863981
2024-04-25,3427.4746,2024-08-22 21:13:34.239445
2024-04-26,3334.8972,2024-08-22 21:13:34.239445
2024-04-27,1535.1213,2024-08-22 21:13:34.239445
2024-04-28,665.09595,2024-08-22 21:13:34.239445
2024-04-29,3361.933,2024-08-22 21:13:34.239445
2024-04-30,3501.3848,2024-08-22 21:13:34.239445
2024-05-01,3932.002,2024-08-22 21:13:34.239445
2024-05-02,3201.17,2024-08-22 04:44:56.255514
2024-05-03,3680.874,2024-08-22 04:44:56.255514
2024-05-04,1809.99,2024-08-22 04:44:56.255514
2024-05-05,775.9187,2024-08-22 04:44:56.255514
2024-05-06,4308.1987,2024-08-22 04:44:56.255514
2024-05-07,4209.6836,2024-08-22 04:44:56.255514
2024-05-08,3163.1306,2024-08-22 04:44:56.255514
2024-05-09,4346.0635,2024-08-22 04:04:42.562409
2024-05-10,4243.878,2024-08-22 04:04:42.562409
2024-05-11,2688.618,2024-08-22 04:04:42.562409
2024-05-12,1036.0442,2024-08-22 04:04:42.562409
2024-05-13,3909.584,2024-08-22 04:04:42.562409
2024-05-14,4250.2725,2024-08-22 04:04:42.562409
2024-05-15,4540.102,2024-08-22 04:04:42.562409
2024-05-16,4840.31,2024-08-22 03:46:42.802545
2024-05-17,3952.991,2024-08-22 03:46:42.802545
2024-05-18,1566.407,2024-08-22 03:46:42.802545
2024-05-19,228.40845,2024-08-22 03:46:42.802545
2024-05-20,3869.2751,2024-08-22 03:46:42.802545
2024-05-21,4306.8184,2024-08-22 03:46:42.802545
2024-05-22,4526.7354,2024-08-22 03:46:42.802545
2024-05-23,3851.1038,2024-08-23 02:31:54.386687
2024-05-24,3652.2568,2024-08-23 02:31:54.386687
2024-05-25,1807.101,2024-08-23 02:31:54.386687
2024-05-26,984.0569,2024-08-23 02:31:54.386687
2024-05-27,3690.7822,2024-08-23 02:31:54.386687
2024-05-28,3763.425,2024-08-23 02:31:54.386687
2024-05-29,3509.3762,2024-08-23 02:31:54.386687
2024-05-30,4086.407,2024-08-22 09:34:35.686492
2024-05-31,4032.961,2024-08-22 09:34:35.686492
2024-06-01,1934.8129,2024-08-22 09:34:35.686492
2024-06-02,971.39746,2024-08-22 09:34:35.686492
2024-06-03,5168.869,2024-08-22 09:34:35.686492
2024-06-04,5167.9453,2024-08-22 09:34:35.686492
2024-06-05,5108.7964,2024-08-22 09:34:35.686492
2024-06-06,5182.071,2024-08-22 19:56:55.638887
2024-06-07,4469.668,2024-08-22 19:56:55.638887
2024-06-08,2255.0308,2024-08-22 19:56:55.638887
2024-06-09,756.1846,2024-08-22 19:56:55.638887
2024-06-10,4770.151,2024-08-22 19:56:55.638887
2024-06-11,5091.2246,2024-08-22 19:56:55.638887
2024-06-12,5080.1196,2024-08-22 19:56:55.638887
2024-06-13,4947.69,2024-08-22 11:31:52.392950
2024-06-14,5437.298,2024-08-22 11:31:52.392950
2024-06-15,3045.0544,2024-08-22 11:31:52.392950
2024-06-16,1449.8875,2024-08-22 11:31:52.392950
2024-06-17,4406.583,2024-08-22 11:31:52.392950
2024-06-18,4483.904,2024-08-22 11:31:52.392950
2024-06-19,4615.862,2024-08-22 11:31:52.392950
2024-06-20,5253.38,2024-08-23 01:58:17.317026
2024-06-21,5040.3975,2024-08-23 01:58:17.317026
2024-06-22,2238.4927,2024-08-23 01:58:17.317026
2024-06-23,780.4358,2024-08-23 01:58:17.317026
2024-06-24,4848.268,2024-08-23 01:58:17.317026
2024-06-25,5141.041,2024-08-23 01:58:17.317026
2024-06-26,4735.303,2024-08-23 01:58:17.317026
2024-06-27,3894.283,2024-08-22 20:34:53.162014
2024-06-28,2957.7576,2024-08-22 20:34:53.162014
2024-06-29,1582.6908,2024-08-22 20:34:53.162014
2024-06-30,1135.7444,2024-08-22 20:34:53.162014
2024-07-01,5557.7324,2024-08-22 20:34:53.162014
2024-07-02,5550.827,2024-08-22 20:34:53.162014
2024-07-03,5221.672,2024-08-22 20:34:53.162014
2024-07-04,4125.062,2024-08-22 09:14:25.055596
2024-07-05,4278.978,2024-08-22 09:14:25.055596
2024-07-06,1685.604,2024-08-22 09:14:25.055596
2024-07-07,321.31616,2024-08-22 09:14:25.055596
2024-07-08,4682.6196,2024-08-22 09:14:25.055596
2024-07-09,4663.9023,2024-08-22 09:14:25.055596
2024-07-10,4266.116,2024-08-22 09:14:25.055596
2024-07-11,6401.366,2024-08-23 04:08:36.213071
2024-07-12,5083.375,2024-08-23 04:08:36.213071
2024-07-13,1596.8663,2024-08-23 04:08:36.213071
2024-07-14,401.5315,2024-08-23 04:08:36.213071
2024-07-15,5059.5303,2024-08-23 04:08:36.213071
2024-07-16,4951.6406,2024-08-23 04:08:36.213071
2024-07-17,4884.9404,2024-08-23 04:08:36.213071
2024-07-18,5362.2627,2024-08-22 02:04:54.627131
2024-07-19,5655.1187,2024-08-22 02:04:54.627131
2024-07-20,2469.985,2024-08-22 02:04:54.627131
2024-07-21,463.22803,2024-08-22 02:04:54.627131
2024-07-22,5465.5493,2024-08-22 02:04:54.627131
2024-07-23,5785.753,2024-08-22 02:04:54.627131
2024-07-24,5547.292,2024-08-22 02:04:54.627131
2024-07-25,5375.3667,2024-08-23 03:30:18.280501
2024-07-26,4775.2847,2024-08-23 03:30:18.280501
2024-07-27,1845.0121,2024-08-23 03:30:18.280501
2024-07-28,417.92432,2024-08-23 03:30:18.280501
2024-07-29,4814.533,2024-08-23 03:30:18.280501
2024-07-30,5423.7227,2024-08-23 03:30:18.280501
2024-07-31,5277.565,2024-08-23 03:30:18.280501
2024-08-01,6314.7554,2024-08-22 10:17:16.810968
2024-08-02,5945.812,2024-08-22 10:17:16.810968
2024-08-03,2383.0562,2024-08-22 10:17:16.810968
2024-08-04,414.86133,2024-08-22 10:17:16.810968
2024-08-05,5501.9326,2024-08-22 10:17:16.810968
2024-08-06,6143.161,2024-08-22 10:17:16.810968
2024-08-07,6170.143,2024-08-22 10:17:16.810968
2024-08-08,5779.838,2024-08-22 08:11:39.737303
2024-08-09,5654.405,2024-08-22 08:11:39.737303
2024-08-10,2453.8755,2024-08-22 08:11:39.737303
2024-08-11,687.1438,2024-08-22 08:11:39.737303
2024-08-12,5386.1235,2024-08-22 08:11:39.737303
2024-08-13,6375.6553,2024-08-22 08:11:39.737303
2024-08-14,6057.114,2024-08-22 08:11:39.737303
2024-08-15,5430.66,2024-08-22 00:37:05.037591
2024-08-16,5251.4424,2024-08-22 00:37:05.037591
2024-08-17,1800.5123,2024-08-22 00:37:05.037591
2024-08-18,384.33838,2024-08-22 00:37:05.037591
2024-08-19,5466.4155,2024-08-22 00:37:05.037591
2024-08-20,5553.774,2024-08-22 00:37:05.037591
2024-08-21,5549.9893,2024-08-22 00:37:05.037591
