date,true,pred,pred_corrected
2019-10-09,4374.0,4311.143,4311.143
2019-10-10,4197.0,4251.694,4251.694
2019-10-11,3460.0,3763.6528,3763.6528
2019-10-12,1184.0,1302.8416,1302.8416
2019-10-13,444.0,-121.78247,-121.78247
2019-10-14,3041.0,3872.7864,3872.7864
2019-10-15,4707.0,4218.6978,4218.6978
2019-10-16,4283.0,4013.0715,4013.0715
2019-10-17,4518.0,3739.1821,3739.1821
2019-10-18,3266.0,3200.6392,3200.6392
2019-10-19,1382.0,1540.973,1540.973
2019-10-20,429.0,419.39746,419.39746
2019-10-21,5073.0,3373.8828,3373.8828
2019-10-22,4206.0,4174.5957,4174.5957
2019-10-23,4063.0,3913.3806,3913.3806
2019-10-24,4300.0,3935.4922,3935.4922
2019-10-25,3849.0,3376.2236,3376.2236
2019-10-26,1397.0,1363.636,1363.636
2019-10-27,458.0,142.39722,142.39722
2019-10-28,4675.0,3944.5508,3944.5508
2019-10-29,4140.0,3899.3293,3899.3293
2019-10-30,3973.0,3785.9963,3785.9963
2019-10-31,4479.0,4299.334,4299.334
2019-11-01,3819.0,3869.9683,3869.9683
2019-11-02,1209.0,1753.3851,1753.3851
2019-11-03,403.0,14.524902,14.524902
2019-11-04,5279.0,4348.312,4348.312
2019-11-05,4922.0,4747.0815,4747.0815
2019-11-06,5027.0,4412.3516,4605.0977
2019-11-07,4351.0,4710.019,4941.7227
2019-11-08,4540.0,3690.0574,3750.6626
2019-11-09,1414.0,1391.3362,1920.3059
2019-11-10,370.0,-217.91064,-191.8495
2019-11-11,4625.0,4110.36,4303.163
2019-11-12,4706.0,5022.3047,5234.2617
2019-11-13,4518.0,4869.0996,4875.0205
2019-11-14,4551.0,4750.162,4807.366
2019-11-15,4691.0,4230.031,4164.235
2019-11-16,1794.0,1609.979,1794.8774
2019-11-17,610.0,211.98608,358.49823
2019-11-18,1205.0,3973.4941,4124.647
2019-11-19,4287.0,4274.484,3555.4224
2019-11-20,4391.0,4151.344,4360.809
2019-11-21,4018.0,4094.484,4120.848
2019-11-22,3765.0,3844.2502,3904.882
2019-11-23,1723.0,1528.0557,1560.6826
2019-11-24,256.0,-330.88184,-296.64786
2019-11-25,4329.0,2870.587,3375.0571
2019-11-26,4918.0,3747.7017,4361.506
2019-11-27,9283.0,4280.715,4712.8564
2019-11-28,4047.0,4049.976,5769.1826
2019-11-29,4431.0,4002.8503,4110.0146
2019-11-30,1405.0,1275.0583,1581.5781
2019-12-01,400.0,430.37964,578.82605
2019-12-02,5047.0,4103.6245,4017.9155
2019-12-03,4491.0,4876.4946,5186.134
2019-12-04,4440.0,5434.404,4814.862
2019-12-05,4399.0,5014.6387,4933.499
2019-12-06,4613.0,4903.637,4787.2817
2019-12-07,2031.0,1848.1667,1840.243
2019-12-08,384.0,660.4231,957.3666
2019-12-09,4943.0,5016.3506,5159.4824
2019-12-10,4848.0,4420.6406,4409.8574
2019-12-11,4465.0,4868.0073,5213.355
2019-12-12,4566.0,4298.441,4307.298
2019-12-13,3992.0,4224.7593,4546.316
2019-12-14,1750.0,2178.3657,2165.3992
2019-12-15,511.0,305.48682,215.742
2019-12-16,5240.0,4433.993,4562.3115
2019-12-17,5104.0,4868.492,5178.5894
2019-12-18,4678.0,4366.568,4599.54
2019-12-19,4423.0,4467.9985,4654.19
2019-12-20,4893.0,4330.433,4495.9272
2019-12-21,1602.0,2007.2822,2399.983
2019-12-22,328.0,1018.34424,847.8795
2019-12-23,5906.0,4386.408,4008.676
2019-12-24,1553.0,4540.6465,5118.709
2019-12-25,231.0,4757.4463,3776.5056
2019-12-26,4231.0,4501.922,3301.6216
2019-12-27,4504.0,4457.7285,4158.4365
2019-12-28,1715.0,1471.9521,1361.5813
2019-12-29,334.0,229.3789,561.5879
2019-12-30,4097.0,4692.5967,4622.467
2019-12-31,1460.0,3451.2092,3593.365
2020-01-01,232.0,2301.1328,2382.3413
2020-01-02,4247.0,3748.991,3116.0725
2020-01-03,4330.0,4330.284,4395.3105
2020-01-04,1818.0,2371.7876,2350.2593
2020-01-05,334.0,801.0166,430.88092
2020-01-06,4548.0,4122.986,3929.7236
2020-01-07,4459.0,2936.5964,3401.9058
2020-01-08,4366.0,2916.1814,3682.505
2020-01-09,4366.0,3736.0261,4116.421
2020-01-10,3940.0,4362.7817,4673.1387
2020-01-11,1740.0,2078.1626,2124.6445
2020-01-12,333.0,377.3296,306.68716
2020-01-13,4698.0,4819.627,4777.5317
2020-01-14,4216.0,3955.823,3813.5232
2020-01-15,4444.0,4479.6953,4435.1025
2020-01-16,4744.0,4122.419,4078.7751
2020-01-17,4058.0,3918.0981,4073.3557
2020-01-18,1556.0,1826.5844,2014.3544
2020-01-19,301.0,135.00659,471.6052
2020-01-20,4447.0,3946.54,4187.757
2020-01-21,4757.0,3971.3906,4137.2217
2020-01-22,4542.0,4283.038,4714.087
2020-01-23,3951.0,4117.495,4206.6636
2020-01-24,4117.0,3832.2363,3773.6853
2020-01-25,1775.0,1288.2373,1524.9825
2020-01-26,334.0,2.4482422,344.94324
2020-01-27,5035.0,3486.0403,3665.6091
2020-01-28,4759.0,4675.166,5160.343
2020-01-29,4982.0,4504.39,4647.288
2020-01-30,4949.0,4125.421,4531.5244
2020-01-31,4718.0,3918.6926,4320.3794
2020-02-01,1310.0,2082.5962,2426.5125
2020-02-02,373.0,103.809814,-60.04637
2020-02-03,4441.0,4526.2197,4497.8223
2020-02-04,4483.0,5315.079,5311.891
2020-02-05,4803.0,4953.5996,4854.4834
2020-02-06,4742.0,5008.8604,4964.432
2020-02-07,4388.0,4433.2305,4317.328
2020-02-08,1771.0,1425.1736,1695.031
2020-02-09,449.0,231.98389,396.70987
2020-02-10,5018.0,3946.833,4115.0
2020-02-11,4999.0,4367.398,4927.9556
2020-02-12,4958.0,4605.6772,4953.2437
2020-02-13,4704.0,4338.895,4554.0605
2020-02-14,4792.0,3613.7822,3925.927
2020-02-15,1771.0,1957.5079,2301.6523
2020-02-16,391.0,255.17383,229.98654
2020-02-17,4872.0,4328.2217,4424.329
2020-02-18,4865.0,4479.9443,4642.788
2020-02-19,4653.0,4754.073,4952.5776
2020-02-20,4239.0,4620.251,4739.9756
2020-02-21,3951.0,4259.0034,4094.6453
2020-02-22,1455.0,1744.769,1778.1372
2020-02-23,311.0,14.574707,91.11472
2020-02-24,1180.0,4054.3237,4097.465
2020-02-25,1376.0,4124.358,3280.9243
2020-02-26,4681.0,4158.161,3490.7507
2020-02-27,4279.0,4432.2144,4487.371
2020-02-28,4205.0,3975.4988,3916.168
2020-02-29,2008.0,1466.2004,1787.8643
2020-03-01,548.0,171.97095,326.0693
2020-03-02,5495.0,3925.2512,4351.001
2020-03-03,5352.0,3537.624,4531.3633
2020-03-04,5116.0,4010.4746,4574.629
2020-03-05,5001.0,4312.0654,4802.8657
2020-03-06,4476.0,4271.701,4588.7993
2020-03-07,1718.0,2205.1108,2069.2786
2020-03-08,466.0,887.22705,843.71924
2020-03-09,4936.0,4695.75,4590.4697
2020-03-10,4719.0,5237.5205,5024.148
2020-03-11,4810.0,5133.6816,4894.693
2020-03-12,4861.0,4577.464,4658.928
2020-03-13,4408.0,4517.6763,4659.74
2020-03-14,1831.0,1987.7279,2141.1108
2020-03-15,409.0,570.229,752.53864
2020-03-16,4429.0,4157.0195,4153.525
2020-03-17,4036.0,4249.6724,4532.273
2020-03-18,4140.0,4335.864,4378.171
2020-03-19,2591.0,3857.2026,3676.4314
2020-03-20,991.0,3438.0464,3141.874
2020-03-21,468.0,1076.0605,608.39655
2020-03-22,102.0,-237.6814,-452.04065
2020-03-23,334.0,2849.4785,2883.4587
2020-03-24,312.0,2838.5076,2269.3464
2020-03-25,1597.0,2961.2983,2266.9956
2020-03-26,1843.0,2439.7153,2074.0955
2020-03-27,2182.0,1706.3749,1799.8584
2020-03-28,858.0,678.8518,880.06305
2020-03-29,197.0,359.70825,266.64014
2020-03-30,2348.0,3298.6853,3496.566
2020-03-31,889.0,2703.4287,2615.2878
2020-04-01,2391.0,2888.5789,2413.3384
2020-04-02,2718.0,2454.7817,2397.1597
2020-04-03,2414.0,2268.2734,2170.9324
2020-04-04,1114.0,1520.4783,1354.5868
2020-04-05,359.0,417.82812,374.40057
2020-04-06,2978.0,3257.7124,3376.325
2020-04-07,2949.0,3225.051,3327.5007
2020-04-08,3046.0,3310.9402,3352.3135
2020-04-09,2876.0,3133.103,3051.6504
2020-04-10,1321.0,2806.5134,2730.202
2020-04-11,1421.0,1492.633,1064.1333
2020-04-12,425.0,1111.2607,1006.6953
2020-04-13,3777.0,3278.0032,3050.0635
2020-04-14,3557.0,3606.5488,3984.8892
2020-04-15,3536.0,3641.4998,3663.9077
2020-04-16,3736.0,3583.2986,3499.3103
2020-04-17,3907.0,2851.3623,3170.7898
2020-04-18,1894.0,1252.408,1745.063
2020-04-19,744.0,1643.2004,2014.2539
2020-04-20,4443.0,4142.0586,4003.2769
2020-04-21,4289.0,3827.9448,3992.34
2020-04-22,4470.0,4018.4878,4110.8994
2020-04-23,4753.0,3323.8494,3553.9558
2020-04-24,4675.0,3406.2244,3761.5928
2020-04-25,2680.0,1783.5686,2270.8057
2020-04-26,1026.0,481.8877,1065.2313
2020-04-27,5376.0,4436.61,4747.37
2020-04-28,5079.0,4158.9316,4518.676
2020-04-29,4796.0,4381.683,4857.0884
2020-04-30,5328.0,4376.1924,4451.7915
2020-05-01,1304.0,3560.5974,3804.8064
2020-05-02,2946.0,1623.9039,1056.5782
2020-05-03,854.0,508.9253,999.06384
2020-05-04,5361.0,5096.64,5082.422
2020-05-05,5021.0,4867.9424,5147.235
2020-05-06,5193.0,4667.3896,4913.121
2020-05-07,5644.0,4611.25,4756.6646
2020-05-08,5312.0,3585.197,4364.9717
2020-05-09,2924.0,2670.8525,3265.7842
2020-05-10,979.0,1324.1711,1528.8726
2020-05-11,5703.0,5558.481,5691.2705
2020-05-12,6480.0,5189.0547,5258.1875
2020-05-13,5658.0,5166.972,5448.809
2020-05-14,5773.0,5028.784,5397.0845
2020-05-15,8373.0,5197.564,5377.0415
2020-05-16,2729.0,2357.809,3373.3813
2020-05-17,1200.0,1297.3223,1689.7634
2020-05-18,5889.0,5422.6934,5790.0
2020-05-19,6220.0,5719.408,5754.0347
2020-05-20,5317.0,5819.425,6092.268
2020-05-21,5336.0,5769.8594,5683.7803
2020-05-22,5272.0,4776.5337,4414.986
2020-05-23,2318.0,2822.7764,3012.4055
2020-05-24,835.0,599.5366,596.75696
2020-05-25,1735.0,4727.2393,4785.8833
2020-05-26,5243.0,4740.042,3994.3481
2020-05-27,4640.0,4561.537,5088.8726
2020-05-28,5287.0,5117.497,4971.7153
2020-05-29,4788.0,4754.62,4961.9727
2020-05-30,2239.0,2745.1746,2985.038
2020-05-31,904.0,965.96387,886.85205
2020-06-01,5159.0,3983.966,4275.4526
2020-06-02,4718.0,4855.422,5226.979
2020-06-03,5308.0,5022.496,4952.568
2020-06-04,5542.0,5219.191,5471.9697
2020-06-05,5535.0,5032.412,5131.295
2020-06-06,1706.0,2360.6729,2505.8477
2020-06-07,536.0,607.2605,729.16327
2020-06-08,4858.0,5339.0903,5282.5933
2020-06-09,4914.0,5399.7236,5164.139
2020-06-10,4822.0,4914.755,4714.6787
2020-06-11,5200.0,4465.977,4591.3784
2020-06-12,4820.0,5038.2,5173.2856
2020-06-13,2172.0,2372.1206,2480.857
2020-06-14,590.0,-407.68677,-392.75525
2020-06-15,1490.0,4216.5186,4689.3345
2020-06-16,4458.0,4447.603,3785.3496
2020-06-17,4153.0,4339.4937,4408.6953
2020-06-18,4941.0,4024.294,3702.9626
2020-06-19,4035.0,4601.517,5101.7954
2020-06-20,1018.0,2246.9607,2271.93
2020-06-21,435.0,88.73364,-431.22168
2020-06-22,4383.0,3935.4375,4417.8945
2020-06-23,4337.0,4392.56,4615.2383
2020-06-24,4340.0,4444.048,4500.678
2020-06-25,4810.0,4398.1406,4440.598
2020-06-26,4329.0,4153.9707,4329.9624
2020-06-27,2097.0,1691.6438,1822.2452
2020-06-28,804.0,68.253174,385.05933
2020-06-29,4827.0,4423.145,4604.6187
2020-06-30,4400.0,4160.4546,4372.1865
2020-07-01,4375.0,4939.952,5027.1597
2020-07-02,4479.0,4756.688,4688.7026
2020-07-03,4421.0,3899.8384,3886.4006
2020-07-04,1783.0,2034.7417,2299.4934
2020-07-05,821.0,297.43677,151.67343
2020-07-06,5036.0,4425.1133,4669.9375
2020-07-07,4485.0,4666.3735,4965.3657
2020-07-08,4506.0,4420.819,4515.996
2020-07-09,1771.0,4087.7397,4203.178
2020-07-10,1952.0,4003.8767,3362.9363
2020-07-11,1729.0,1421.2312,1054.3416
2020-07-12,597.0,315.95532,252.91116
2020-07-13,4827.0,3965.4863,3926.8
2020-07-14,4463.0,4258.8735,4654.4717
2020-07-15,4685.0,3876.4292,4105.3135
2020-07-16,4502.0,3807.3567,4364.454
2020-07-17,4518.0,3053.3618,3621.2944
2020-07-18,2214.0,1918.5867,2488.7727
2020-07-19,796.0,911.687,1059.8457
2020-07-20,4139.0,4658.24,4645.104
2020-07-21,4007.0,4787.328,4562.525
2020-07-22,3897.0,4740.018,4497.613
2020-07-23,4262.0,5100.585,4877.4614
2020-07-24,3717.0,4203.8423,3770.6206
2020-07-25,1780.0,1889.4043,1700.251
2020-07-26,453.0,287.1333,394.25598
2020-07-27,5639.0,4120.6646,4385.737
2020-07-28,5158.0,3672.9739,4314.097
2020-07-29,4874.0,3849.9421,4569.5
2020-07-30,4549.0,3435.4033,3976.575
2020-07-31,4436.0,3522.8457,4040.8645
2020-08-01,1709.0,1538.6641,1868.3901
2020-08-02,676.0,141.93042,205.09566
2020-08-03,4844.0,4566.885,4638.5254
2020-08-04,5116.0,4660.5547,4785.0845
2020-08-05,5033.0,4806.9033,4987.3213
2020-08-06,4808.0,4776.05,4858.762
2020-08-07,4678.0,4420.7974,4512.839
2020-08-08,2598.0,2087.496,2361.0874
2020-08-09,853.0,529.40015,826.9784
2020-08-10,4964.0,4638.451,4847.9883
2020-08-11,4784.0,5138.3306,5353.8027
2020-08-12,4502.0,5038.7456,4990.532
2020-08-13,4472.0,4824.831,4749.953
2020-08-14,4688.0,4344.3193,4288.559
2020-08-15,2407.0,2020.0148,2136.9514
2020-08-16,815.0,979.59033,1172.0444
2020-08-17,1792.0,4177.4463,4228.099
2020-08-18,4483.0,4252.9443,3705.1318
2020-08-19,4290.0,4053.0083,4321.4316
2020-08-20,4297.0,4328.0,4511.6396
2020-08-21,4073.0,4186.256,4276.954
2020-08-22,2286.0,2549.931,2526.8835
2020-08-23,640.0,189.24121,133.92638
2020-08-24,4469.0,3593.8643,4038.4722
2020-08-25,4242.0,3738.0383,4030.711
2020-08-26,4006.0,4125.6846,4318.2563
2020-08-27,4359.0,4266.409,4347.9272
2020-08-28,4430.0,4124.817,4172.6655
2020-08-29,2075.0,1787.3247,1889.0184
2020-08-30,574.0,872.4133,1102.5823
2020-08-31,3485.0,4236.3564,4118.464
2020-09-01,3804.0,4597.0654,4356.7285
2020-09-02,3365.0,4034.6704,3856.9648
2020-09-03,3321.0,4533.2197,4418.215
2020-09-04,3245.0,3999.0623,3621.7803
2020-09-05,1424.0,1978.9459,1773.7013
2020-09-06,346.0,510.2068,386.65384
2020-09-07,3513.0,4115.3677,4233.27
2020-09-08,3703.0,4101.0996,4106.1895
2020-09-09,3610.0,4009.4685,3931.3787
2020-09-10,3508.0,3615.2322,3598.2961
2020-09-11,3361.0,3858.1802,4004.8896
2020-09-12,1373.0,1300.7966,1285.6412
2020-09-13,459.0,679.5132,676.6003
2020-09-14,3503.0,4161.549,4179.538
2020-09-15,3381.0,4128.1426,3976.4773
2020-09-16,3667.0,4047.5342,3925.4888
2020-09-17,3578.0,4276.4688,4203.04
2020-09-18,3313.0,3383.3276,3204.469
2020-09-19,1545.0,1416.8801,1366.9008
2020-09-20,449.0,353.05493,436.3991
2020-09-21,3365.0,3748.52,3914.6597
2020-09-22,3418.0,3385.8142,3400.4194
2020-09-23,3843.0,3475.242,3509.0327
2020-09-24,3851.0,3251.2898,3474.3887
2020-09-25,3900.0,3128.6572,3371.9443
2020-09-26,1668.0,1710.6453,1966.9631
2020-09-27,628.0,622.9883,653.95514
2020-09-28,3381.0,3329.58,3500.8289
2020-09-29,3747.0,3286.3489,3372.9983
2020-09-30,3548.0,3688.2646,3888.8823
2020-10-01,3531.0,3862.488,3858.2947
2020-10-02,4094.0,3310.817,3222.381
2020-10-03,2140.0,1614.9973,1931.6824
2020-10-04,846.0,576.79956,858.092
2020-10-05,4536.0,3449.854,3693.0723
2020-10-06,4583.0,3353.7964,3778.2961
2020-10-07,4839.0,3610.9836,4102.6104
2020-10-08,4762.0,3496.7085,4043.5327
2020-10-09,4184.0,3791.924,4275.365
2020-10-10,2071.0,1954.2186,2176.7031
2020-10-11,764.0,971.22,1169.1223
2020-10-12,1689.0,3781.1035,3710.408
2020-10-13,3711.0,3785.252,3173.4597
2020-10-14,3884.0,4210.9824,4193.8384
2020-10-15,4641.0,3966.1504,3720.8215
2020-10-16,4078.0,3629.3564,3936.0867
2020-10-17,1876.0,1600.5452,1944.3279
2020-10-18,510.0,360.56372,639.5171
2020-10-19,3840.0,3001.651,3439.336
2020-10-20,3652.0,3077.3623,3478.5327
2020-10-21,3709.0,3531.1572,3803.6267
2020-10-22,3625.0,3670.8528,3833.2551
2020-10-23,3942.0,3462.6357,3438.0059
2020-10-24,1700.0,1905.7349,1991.5184
2020-10-25,466.0,836.0044,907.5005
2020-10-26,3656.0,3495.635,3442.9026
2020-10-27,3378.0,3470.4536,3525.289
2020-10-28,3266.0,2961.0645,2973.1855
2020-10-29,3368.0,3350.6965,3665.5845
2020-10-30,2977.0,3321.1577,3368.6226
2020-10-31,1449.0,1731.2979,1804.6827
2020-11-01,322.0,-75.244385,-58.720398
2020-11-02,3719.0,3662.5598,3782.7576
2020-11-03,3723.0,3672.934,3746.6055
2020-11-04,3572.0,3813.7185,3876.6145
2020-11-05,3662.0,3625.1357,3507.784
2020-11-06,3174.0,3056.5425,3231.7095
2020-11-07,1547.0,1261.9377,1500.2313
2020-11-08,401.0,876.7046,995.1884
2020-11-09,3381.0,3850.901,3829.2368
2020-11-10,3601.0,4038.1787,3945.9163
2020-11-11,3486.0,3674.105,3624.1497
2020-11-12,3387.0,3659.5916,3688.34
2020-11-13,3341.0,3468.8672,3452.3066
2020-11-14,1472.0,1627.7784,1548.0831
2020-11-15,458.0,660.405,729.82355
2020-11-16,3053.0,3307.5645,3373.402
2020-11-17,3052.0,3488.1252,3508.6338
2020-11-18,2773.0,3239.7173,3167.3062
2020-11-19,3047.0,3462.3425,3435.1929
2020-11-20,2865.0,3062.4644,2956.418
2020-11-21,1602.0,1714.8077,1720.7073
2020-11-22,616.0,459.08203,483.22037
2020-11-23,1342.0,3128.789,3221.9287
2020-11-24,3576.0,2694.2864,2252.4211
2020-11-25,3516.0,2702.5798,3117.8875
2020-11-26,3709.0,2613.5376,2867.369
2020-11-27,3701.0,2718.639,3189.506
2020-11-28,1911.0,1335.8406,1746.3542
2020-11-29,853.0,815.71313,1042.9883
2020-11-30,3649.0,3098.2368,3443.3398
2020-12-01,3567.0,3486.786,3666.9692
2020-12-02,3512.0,3527.2087,3470.6187
2020-12-03,3454.0,3906.3223,3905.438
2020-12-04,3627.0,3650.0007,3479.6052
2020-12-05,1808.0,1551.3162,1494.4148
2020-12-06,699.0,387.0598,676.649
2020-12-07,1469.0,3974.6628,4129.052
2020-12-08,1513.0,3661.3386,3025.408
2020-12-09,3628.0,3308.6484,2768.5068
2020-12-10,3585.0,3160.3818,3314.1516
2020-12-11,3694.0,3224.0347,3340.4187
2020-12-12,1620.0,1815.5599,2110.9912
2020-12-13,787.0,520.43286,448.33435
2020-12-14,3743.0,3241.8765,3673.957
2020-12-15,3957.0,3325.035,3840.1155
2020-12-16,3670.0,3309.2473,3530.2432
2020-12-17,3675.0,3453.3228,3572.48
2020-12-18,3346.0,3509.176,3669.3557
2020-12-19,1639.0,1866.2439,1834.9519
2020-12-20,615.0,1166.3142,1136.8135
2020-12-21,3470.0,3575.052,3521.5
2020-12-22,3092.0,3365.0837,3242.8633
2020-12-23,2907.0,3253.6135,3120.425
2020-12-24,1642.0,3251.2905,3242.2344
2020-12-25,315.0,2764.7153,2401.4648
2020-12-26,1450.0,1851.713,1157.5491
2020-12-27,447.0,195.22852,125.888336
2020-12-28,3550.0,2895.1094,2951.7117
2020-12-29,3330.0,3130.8716,3499.788
2020-12-30,3012.0,2649.4749,2736.6748
2020-12-31,1553.0,2537.2644,2750.9106
2021-01-01,230.0,2176.878,2235.068
2021-01-02,1031.0,1165.4568,864.2684
2021-01-03,348.0,298.01807,192.21739
2021-01-04,3173.0,3652.712,3512.099
2021-01-05,3034.0,3356.0347,3178.8928
2021-01-06,3395.0,3220.6733,3085.7612
2021-01-07,3540.0,2409.7568,2637.7017
2021-01-08,3372.0,1816.8115,2442.2861
2021-01-09,1808.0,1555.5057,2111.0906
2021-01-10,528.0,1047.1477,1204.385
2021-01-11,3755.0,4041.0713,4098.3745
2021-01-12,3945.0,3420.9663,3321.7805
2021-01-13,4026.0,3217.3638,3354.1267
2021-01-14,3729.0,2804.4404,3057.1006
2021-01-15,3454.0,2949.7783,3146.0796
2021-01-16,1449.0,1305.5215,1434.7865
2021-01-17,474.0,320.24658,516.83716
2021-01-18,3765.0,3739.3628,3989.6785
2021-01-19,3881.0,3723.5671,3937.1887
2021-01-20,3694.0,3290.6829,3466.1895
2021-01-21,3449.0,3583.139,3667.88
2021-01-22,3691.0,3342.882,3387.0498
2021-01-23,1791.0,1151.8611,1382.779
2021-01-24,430.0,152.1001,365.78592
2021-01-25,3331.0,3058.1123,3222.1658
2021-01-26,3423.0,3111.354,3433.9688
2021-01-27,3366.0,3690.513,3882.028
2021-01-28,3443.0,3312.438,3318.744
2021-01-29,3170.0,3061.2039,3233.9233
2021-01-30,1456.0,1300.4963,1378.5847
2021-01-31,499.0,367.05737,554.3604
2021-02-01,3869.0,3622.588,3763.954
2021-02-02,4130.0,3939.6057,3983.3076
2021-02-03,4160.0,3766.8486,3944.531
2021-02-04,4038.0,3897.3076,4167.6084
2021-02-05,3803.0,3037.9348,3182.7378
2021-02-06,1810.0,1973.6278,2333.9688
2021-02-07,470.0,981.80347,1034.4559
2021-02-08,4101.0,4121.9053,4024.5928
2021-02-09,4617.0,4206.3115,4244.2495
2021-02-10,3964.0,4257.142,4393.7964
2021-02-11,3469.0,3650.074,3640.8076
2021-02-12,3594.0,2795.196,2769.1074
2021-02-13,1349.0,1736.2268,2066.639
2021-02-14,435.0,668.9155,701.74695
2021-02-15,1142.0,3319.4253,3427.3538
2021-02-16,1280.0,3696.7354,3054.562
2021-02-17,3412.0,3606.0566,2968.3933
2021-02-18,3344.0,3329.604,3234.2888
2021-02-19,3631.0,3372.6116,3228.2139
2021-02-20,1742.0,1260.2915,1460.6404
2021-02-21,536.0,124.72046,376.35712
2021-02-22,3487.0,2618.0903,2978.3928
2021-02-23,3895.0,2598.0024,3280.7327
2021-02-24,3424.0,2659.0132,3209.2776
2021-02-25,3552.0,2937.1772,3202.006
2021-02-26,3301.0,3037.9177,3302.5479
2021-02-27,1449.0,1796.1661,1793.9087
2021-02-28,513.0,766.6345,693.6574
2021-03-01,3482.0,3235.7834,3195.8647
2021-03-02,3685.0,4153.0625,4079.753
2021-03-03,3920.0,4029.064,3817.1711
2021-03-04,3684.0,4138.7036,4264.3633
2021-03-05,3431.0,3697.2998,3631.7288
2021-03-06,1472.0,1718.5731,1781.2183
2021-03-07,361.0,818.0801,931.61664
2021-03-08,4268.0,3817.4417,3754.7256
2021-03-09,4152.0,3964.9033,4222.7935
2021-03-10,4091.0,3556.5078,3641.099
2021-03-11,4728.0,3759.576,3976.6797
2021-03-12,4230.0,3007.2483,3408.3699
2021-03-13,1633.0,1361.488,1998.2888
2021-03-14,505.0,24.394043,296.2372
2021-03-15,4026.0,3521.2905,3770.6833
2021-03-16,4517.0,3353.0034,3601.481
2021-03-17,4445.0,3515.317,3949.3984
2021-03-18,4224.0,3615.2695,3921.5835
2021-03-19,4117.0,3031.5376,3243.108
2021-03-20,1647.0,1715.669,2151.49
2021-03-21,476.0,-252.26025,-197.46535
2021-03-22,3774.0,3532.775,3859.7314
2021-03-23,3809.0,3462.1084,3523.725
2021-03-24,1581.0,3558.5928,3752.1418
2021-03-25,3739.0,3781.5332,3238.666
2021-03-26,3479.0,3499.9097,3503.499
2021-03-27,1421.0,1715.2,1749.6318
2021-03-28,420.0,-102.91504,-58.56643
2021-03-29,3535.0,2915.2375,3131.36
2021-03-30,3447.0,3463.7861,3724.1125
2021-03-31,3283.0,2520.0188,2919.7112
2021-04-01,2869.0,3904.5251,4327.7974
2021-04-02,889.0,3888.838,3664.4548
2021-04-03,1223.0,1504.7476,777.9083
2021-04-04,438.0,120.86377,17.923615
2021-04-05,3709.0,4358.3125,4175.2285
2021-04-06,3804.0,3894.2478,3871.8323
2021-04-07,4051.0,3808.7598,3718.3757
2021-04-08,4107.0,3774.5208,3935.8198
2021-04-09,3646.0,2733.616,3304.904
2021-04-10,1710.0,1653.5542,2131.0984
2021-04-11,518.0,1207.1641,1163.7074
2021-04-12,3828.0,4638.4424,4656.2773
2021-04-13,3746.0,4507.7744,4184.426
2021-04-14,5195.0,4396.8823,4036.3936
2021-04-15,4646.0,3778.5269,4139.3486
2021-04-16,4835.0,3350.9893,3432.77
2021-04-17,2358.0,1725.1439,2125.5044
2021-04-18,674.0,233.6499,705.8016
2021-04-19,4224.0,3410.7249,3902.2559
2021-04-20,4311.0,3716.566,4118.915
2021-04-21,3971.0,3489.585,3798.6794
2021-04-22,3721.0,3411.8687,3563.98
2021-04-23,3512.0,3482.4563,3493.5183
2021-04-24,1407.0,1598.934,1631.5964
2021-04-25,501.0,233.88818,137.18065
2021-04-26,3581.0,3253.5876,3304.151
2021-04-27,3580.0,3455.487,3745.5786
2021-04-28,3457.0,3415.456,3637.679
2021-04-29,3310.0,3419.754,3465.5095
2021-04-30,3350.0,3620.6448,3803.7654
2021-05-01,653.0,920.0928,1048.2286
2021-05-02,442.0,-192.52661,-179.95924
2021-05-03,3106.0,3622.6326,3864.0854
2021-05-04,3819.0,4201.8047,4100.918
2021-05-05,3105.0,4051.1758,3988.2126
2021-05-06,3123.0,4043.6924,3800.8965
2021-05-07,2912.0,3125.905,2990.0354
2021-05-08,1419.0,1495.7668,1573.6808
2021-05-09,421.0,327.16187,311.03558
2021-05-10,3780.0,4138.3516,4285.8438
2021-05-11,3744.0,4239.054,4242.2437
2021-05-12,4372.0,3873.8381,3833.5735
2021-05-13,3847.0,3655.8164,3991.5598
2021-05-14,3758.0,2842.476,2968.2896
2021-05-15,1777.0,1968.3665,2267.957
2021-05-16,567.0,915.7676,896.052
2021-05-17,3652.0,4068.5154,4032.2515
2021-05-18,4404.0,4288.259,4258.136
2021-05-19,3227.0,3949.007,3983.655
2021-05-20,3252.0,3850.1921,3675.1892
2021-05-21,2904.0,3190.1372,2952.5566
2021-05-22,1331.0,2016.8671,1951.258
2021-05-23,420.0,21.05371,-89.33479
2021-05-24,1300.0,3183.1997,3439.2527
2021-05-25,1060.0,3454.909,2924.1782
2021-05-26,3314.0,3240.3564,2706.3572
2021-05-27,3383.0,3228.6965,3227.1553
2021-05-28,3235.0,3468.9094,3462.3694
2021-05-29,1484.0,1412.5764,1521.0356
2021-05-30,516.0,426.8313,440.53104
2021-05-31,3690.0,3079.2786,3270.191
2021-06-01,3343.0,3368.8801,3972.1755
2021-06-02,3346.0,3166.0637,3200.6956
2021-06-03,4296.0,3717.2368,3776.5295
2021-06-04,3766.0,3218.6406,3481.418
2021-06-05,2129.0,1567.1,1706.8832
2021-06-06,886.0,577.1885,816.2429
2021-06-07,4125.0,3683.6562,3873.3892
2021-06-08,4164.0,3868.6697,4040.5515
2021-06-09,4515.0,4000.7124,4060.9243
2021-06-10,4088.0,3993.1504,4277.106
2021-06-11,3806.0,3281.3606,3379.8835
2021-06-12,1775.0,1639.1884,1839.1382
2021-06-13,832.0,614.35156,694.2303
2021-06-14,4312.0,4178.7334,4372.2837
2021-06-15,4948.0,4171.481,4337.8145
2021-06-16,4910.0,3870.5833,4176.107
2021-06-17,5032.0,3640.3503,3969.3562
2021-06-18,4443.0,3466.779,3986.234
2021-06-19,1616.0,1786.9513,2391.9595
2021-06-20,593.0,-2.9465332,128.22818
2021-06-21,1364.0,3420.059,3719.078
2021-06-22,3619.0,3643.7861,3082.1907
2021-06-23,3395.0,3730.042,3801.1406
2021-06-24,3532.0,4111.5923,3845.0806
2021-06-25,3487.0,3514.6553,3341.0623
2021-06-26,1612.0,1317.0203,1439.305
2021-06-27,639.0,-501.61523,-342.35074
2021-06-28,3452.0,3100.6667,3798.7578
2021-06-29,3530.0,3644.075,3961.3584
2021-06-30,3511.0,3468.0767,3562.316
2021-07-01,3905.0,3900.4482,4084.728
2021-07-02,3552.0,3521.499,3613.1204
2021-07-03,1470.0,1753.3693,1701.3413
2021-07-04,751.0,658.9192,572.2399
2021-07-05,3724.0,4182.306,4183.366
2021-07-06,4424.0,4522.0903,4449.8706
2021-07-07,4449.0,4162.1953,4186.607
2021-07-08,4586.0,4114.6465,4361.7227
2021-07-09,1699.0,3498.5874,3746.5242
2021-07-10,1698.0,1527.9697,1151.6322
2021-07-11,582.0,354.73535,480.29147
2021-07-12,4625.0,4500.349,4585.4727
2021-07-13,4644.0,4225.8945,4364.5513
2021-07-14,4260.0,4195.311,4295.235
2021-07-15,5058.0,4162.1475,4104.513
2021-07-16,5120.0,2451.7046,3049.683
2021-07-17,1682.0,1328.4915,2275.4587
2021-07-18,672.0,1060.7307,1192.3142
2021-07-19,4838.0,4125.207,4313.6426
2021-07-20,3533.0,4082.666,4347.0615
2021-07-21,3662.0,3953.6523,3772.7327
2021-07-22,4201.0,4272.0947,4340.985
2021-07-23,4001.0,4026.891,3692.6414
2021-07-24,1481.0,2104.5332,2106.3506
2021-07-25,628.0,573.251,572.11694
2021-07-26,4437.0,4191.7773,4245.376
2021-07-27,4436.0,4112.216,4359.9478
2021-07-28,4349.0,4008.5337,4383.6963
2021-07-29,4157.0,4185.9863,4296.372
2021-07-30,4073.0,3926.0261,4042.8457
2021-07-31,1524.0,2080.563,2435.396
2021-08-01,668.0,698.97876,497.50955
2021-08-02,4679.0,4528.789,4477.1777
2021-08-03,4678.0,4607.6245,4754.628
2021-08-04,4437.0,4941.055,5059.1177
2021-08-05,4533.0,4716.08,4570.277
2021-08-06,4341.0,4277.49,4358.096
2021-08-07,1652.0,2033.7502,2165.4155
2021-08-08,723.0,-41.970215,27.171387
2021-08-09,4827.0,4467.8184,4806.6333
2021-08-10,4774.0,4637.5864,4692.609
2021-08-11,4661.0,4664.298,4826.2754
2021-08-12,4363.0,4514.7266,4653.673
2021-08-13,4459.0,3664.8284,3618.8628
2021-08-14,1613.0,1793.2852,2142.128
2021-08-15,524.0,519.68115,504.36295
2021-08-16,1727.0,4169.7812,4167.349
2021-08-17,4479.0,4098.356,3439.5486
2021-08-18,4821.0,4070.6147,4271.4907
2021-08-19,4663.0,4147.388,4386.5435
2021-08-20,5330.0,3750.1543,3989.6946
2021-08-21,1774.0,1851.9686,2469.4917
2021-08-22,581.0,424.68604,467.44907
2021-08-23,4526.0,3347.4644,3817.8772
2021-08-24,4605.0,3856.8167,4296.142
2021-08-25,4605.0,4205.632,4422.6416
2021-08-26,4569.0,4131.787,4385.8345
2021-08-27,3978.0,4107.187,4102.064
2021-08-28,1599.0,2115.46,2069.1978
2021-08-29,557.0,148.96387,272.7079
2021-08-30,4328.0,3935.765,3992.3984
2021-08-31,4255.0,4183.918,4300.5005
2021-09-01,4818.0,4469.029,4676.9893
2021-09-02,4571.0,4747.359,4954.6743
2021-09-03,4362.0,4423.5596,4445.0103
2021-09-04,1772.0,2066.522,2329.1924
2021-09-05,609.0,-1.6025391,-52.945007
2021-09-06,4829.0,4546.4756,4768.0903
2021-09-07,5116.0,4552.5156,4761.544
2021-09-08,5195.0,4832.3574,4975.8296
2021-09-09,4839.0,4557.771,4747.406
2021-09-10,4705.0,4237.167,4562.7227
2021-09-11,1767.0,1783.3218,2157.0078
2021-09-12,608.0,724.35864,718.0405
2021-09-13,5069.0,4514.6436,4627.7915
2021-09-14,4827.0,4682.0703,4827.3213
2021-09-15,4976.0,4495.0537,4554.619
2021-09-16,4903.0,4721.4023,5039.47
2021-09-17,4820.0,4318.729,4409.6196
2021-09-18,1824.0,2465.4807,2691.9644
2021-09-19,680.0,-5.8186035,-37.03299
2021-09-20,4837.0,4281.23,4497.309
2021-09-21,4757.0,4155.255,4377.953
2021-09-22,4946.0,4294.4995,4616.876
2021-09-23,4706.0,4464.8804,4759.431
2021-09-24,4341.0,4384.7847,4493.836
2021-09-25,1691.0,2062.6118,2301.979
2021-09-26,552.0,128.04565,38.83452
2021-09-27,4160.0,4045.1152,4173.597
2021-09-28,4798.0,4177.4795,4280.062
2021-09-29,4669.0,4308.7666,4578.282
2021-09-30,4943.0,4119.006,4275.658
2021-10-01,4457.0,4374.814,4821.984
2021-10-02,1710.0,1700.7051,1898.0037
2021-10-03,643.0,26.40625,132.33469
2021-10-04,5054.0,4254.195,4524.366
2021-10-05,5105.0,5066.7954,5349.628
2021-10-06,4988.0,4642.8154,4718.1475
2021-10-07,4469.0,4561.325,4741.4644
2021-10-08,2363.0,4254.115,4311.4785
2021-10-09,1908.0,1922.8931,1468.7422
2021-10-10,681.0,14.069336,72.850845
2021-10-11,1769.0,4556.3022,4634.117
2021-10-12,5339.0,4782.353,4092.147
2021-10-13,5364.0,4608.1323,4856.5254
2021-10-14,5566.0,4293.4414,4488.0054
2021-10-15,5026.0,3445.9333,4218.1494
2021-10-16,1957.0,1520.4246,2209.5557
2021-10-17,729.0,931.354,974.6745
2021-10-18,5964.0,4032.555,4459.1074
2021-10-19,5003.0,4839.4707,5470.4355
2021-10-20,5489.0,4681.2686,4600.1943
2021-10-21,4871.0,4939.43,5356.267
2021-10-22,5012.0,4826.8784,4659.3276
2021-10-23,1824.0,2504.996,2483.4348
2021-10-24,644.0,231.37915,315.01
2021-10-25,4988.0,4405.716,4452.3257
2021-10-26,5537.0,4706.748,4906.9385
2021-10-27,4488.0,5068.058,5473.2593
2021-10-28,4836.0,4765.6357,4747.8857
2021-10-29,4334.0,4818.264,4930.508
2021-10-30,1322.0,2202.7778,2336.2656
2021-10-31,540.0,830.71533,505.81815
2021-11-01,6125.0,5028.652,4903.6396
2021-11-02,5481.0,5282.883,5657.786
2021-11-03,6986.0,5303.4375,5534.1055
2021-11-04,5866.0,5045.451,5539.4546
2021-11-05,5225.0,4932.607,5495.461
2021-11-06,2164.0,1769.305,2264.7402
2021-11-07,714.0,320.98267,595.66187
2021-11-08,6165.0,5739.5283,5810.925
2021-11-09,5354.0,5512.869,5720.22
2021-11-10,5012.0,5609.883,5454.564
2021-11-11,4750.0,5917.076,5737.302
2021-11-12,5579.0,4185.7686,3869.2788
2021-11-13,2495.0,2069.728,2529.0376
2021-11-14,689.0,666.51904,805.2634
2021-11-15,5058.0,4929.321,5106.1772
2021-11-16,6163.0,4803.929,4963.9155
2021-11-17,5917.0,5206.034,5801.6353
2021-11-18,5105.0,5142.7573,5704.235
2021-11-19,5191.0,4889.485,4894.8784
2021-11-20,1633.0,2368.9292,2426.956
2021-11-21,477.0,883.16724,743.67285
2021-11-22,1875.0,4322.9214,4257.595
2021-11-23,5193.0,4677.689,3783.0317
2021-11-24,5113.0,5092.7803,5385.983
2021-11-25,4806.0,5105.2197,5095.162
2021-11-26,4489.0,5023.6924,5042.2466
2021-11-27,2027.0,2169.8823,2247.2244
2021-11-28,673.0,-110.57715,37.420074
2021-11-29,4821.0,4085.566,4525.362
2021-11-30,5253.0,4557.219,4862.123
2021-12-01,5171.0,5189.8604,5463.2334
2021-12-02,4978.0,4526.6675,4629.6733
2021-12-03,4745.0,4369.3535,4561.1504
2021-12-04,2050.0,2403.1282,2464.674
2021-12-05,689.0,808.51294,851.8697
2021-12-06,6408.0,4839.6895,4832.6206
2021-12-07,6560.0,4984.713,5408.476
2021-12-08,2429.0,4976.157,5456.9976
2021-12-09,5719.0,5004.206,4542.371
2021-12-10,5243.0,4603.1465,4923.049
2021-12-11,2349.0,1987.5339,2161.3718
2021-12-12,840.0,444.69238,718.251
2021-12-13,5312.0,4949.7754,5057.776
2021-12-14,5141.0,4936.5566,4906.476
2021-12-15,5074.0,4412.627,4809.9536
2021-12-16,4975.0,5010.0415,5277.8013
2021-12-17,5090.0,5485.439,5543.6216
2021-12-18,2170.0,2676.4573,2854.7852
2021-12-19,576.0,1669.9071,1425.3875
2021-12-20,4623.0,4946.9443,4543.889
2021-12-21,4986.0,4788.596,4950.609
2021-12-22,4915.0,4725.699,4809.8784
2021-12-23,3932.0,4404.551,4496.4604
2021-12-24,1985.0,4128.358,4104.4517
2021-12-25,424.0,2472.3823,2031.843
2021-12-26,689.0,927.58105,442.1023
2021-12-27,4636.0,4161.2446,4134.2573
2021-12-28,4491.0,4718.4526,4707.7324
2021-12-29,4239.0,4369.234,4388.7144
2021-12-30,3946.0,4235.0283,4382.4097
2021-12-31,1888.0,3401.8914,3441.0447
2022-01-01,534.0,1134.7527,855.86975
2022-01-02,849.0,543.04614,528.1182
2022-01-03,5010.0,4512.973,4564.521
2022-01-04,4882.0,5128.1704,5171.963
2022-01-05,4863.0,4836.707,4826.214
2022-01-06,4644.0,4503.6475,4547.031
2022-01-07,4654.0,2756.6755,3040.6572
2022-01-08,1932.0,1357.1963,2061.8696
2022-01-09,626.0,1398.8916,1521.8436
2022-01-10,5040.0,4306.701,4166.4414
2022-01-11,4498.0,5416.514,5719.8833
2022-01-12,4443.0,4929.82,4584.7656
2022-01-13,4324.0,4767.257,4795.693
2022-01-14,3826.0,3635.453,3397.2317
2022-01-15,1771.0,2296.7788,2285.228
2022-01-16,616.0,299.22852,255.43149
2022-01-17,4734.0,4690.5566,4756.476
2022-01-18,5062.0,4877.9526,5080.9307
2022-01-19,5133.0,4510.773,4960.0327
2022-01-20,5093.0,4763.051,5041.2505
2022-01-21,4622.0,4369.783,4511.8643
2022-01-22,1984.0,1868.1954,2211.5903
2022-01-23,553.0,937.5349,958.3472
2022-01-24,4882.0,4421.788,4274.079
2022-01-25,4625.0,4461.0405,4734.8384
2022-01-26,5302.0,4800.7886,4940.6187
2022-01-27,4748.0,4850.1826,5004.6025
2022-01-28,4764.0,4281.9453,4369.797
2022-01-29,2018.0,1909.8695,2126.1123
2022-01-30,470.0,-99.14819,168.685
2022-01-31,5085.0,4241.091,4539.4316
2022-02-01,5099.0,5078.829,5362.7217
2022-02-02,4924.0,5260.4746,5267.5684
2022-02-03,5075.0,5087.28,5175.304
2022-02-04,5655.0,4685.6426,4652.3584
2022-02-05,2552.0,1913.4752,2252.19
2022-02-06,737.0,405.68823,730.2862
2022-02-07,5204.0,4658.5947,4791.755
2022-02-08,5409.0,5020.9434,5301.0977
2022-02-09,5503.0,5053.4834,5391.4214
2022-02-10,4915.0,5231.4814,5523.1016
2022-02-11,5563.0,4842.658,4793.871
2022-02-12,2536.0,1919.8387,2213.5916
2022-02-13,612.0,687.751,909.6206
2022-02-14,4883.0,4854.2603,4886.683
2022-02-15,5476.0,5111.5747,5235.138
2022-02-16,5280.0,4989.597,5157.5527
2022-02-17,5101.0,4373.4937,4617.4336
2022-02-18,5212.0,4883.566,5194.732
2022-02-19,2306.0,2059.9678,2202.5344
2022-02-20,741.0,172.11621,431.16257
2022-02-21,5344.0,4019.8179,4293.6455
2022-02-22,5525.0,4639.475,5110.6807
2022-02-23,5283.0,4797.8965,5244.145
2022-02-24,5211.0,4530.732,4783.545
2022-02-25,5005.0,4578.9365,4796.3403
2022-02-26,2139.0,2406.8013,2630.6848
2022-02-27,880.0,66.40552,161.513
2022-02-28,1973.0,4533.7783,4779.849
2022-03-01,1680.0,5078.9307,4301.5654
2022-03-02,6041.0,5329.053,4376.7153
2022-03-03,5564.0,5273.0845,5398.8604
2022-03-04,6050.0,5026.31,5050.2153
2022-03-05,3044.0,2297.9258,2868.3516
2022-03-06,998.0,660.58154,849.8138
2022-03-07,5887.0,4189.4604,4695.1816
2022-03-08,6320.0,4252.851,5397.7383
2022-03-09,5184.0,5060.312,5651.702
2022-03-10,5974.0,5067.6484,5198.651
2022-03-11,6346.0,5301.457,5693.8174
2022-03-12,3106.0,3184.534,3261.2964
2022-03-13,931.0,1163.3508,1229.8131
2022-03-14,5984.0,5643.7993,5680.562
2022-03-15,5611.0,5562.2314,5415.392
2022-03-16,5698.0,5271.59,5396.3823
2022-03-17,5670.0,5383.4277,5678.5923
2022-03-18,5113.0,5594.2285,5700.0854
2022-03-19,2446.0,2795.3496,2849.7996
2022-03-20,715.0,430.71973,551.68286
2022-03-21,5679.0,5216.8965,5229.1714
2022-03-22,5697.0,5067.829,5398.1094
2022-03-23,5164.0,5347.671,5634.281
2022-03-24,2517.0,5023.1094,4809.872
2022-03-25,5872.0,5100.4365,4474.754
2022-03-26,2932.0,2193.6982,2814.4324
2022-03-27,826.0,760.458,939.5967
2022-03-28,5548.0,4690.726,4825.1895
2022-03-29,5642.0,5146.991,5509.9297
2022-03-30,5371.0,4588.9727,4748.1304
2022-03-31,5462.0,4004.8164,4777.324
2022-04-01,5385.0,5002.837,5525.619
2022-04-02,2261.0,2752.9153,2757.2832
2022-04-03,913.0,553.7876,609.8094
2022-04-04,6355.0,5834.531,5893.912
2022-04-05,6604.0,5681.3003,5660.417
2022-04-06,6637.0,5454.9697,5933.8647
2022-04-07,5984.0,5094.693,5404.2656
2022-04-08,5803.0,5112.874,5409.466
2022-04-09,2449.0,2456.8762,2973.5227
2022-04-10,962.0,439.75146,623.58655
2022-04-11,5845.0,5358.5947,5551.993
2022-04-12,5484.0,5366.602,5611.211
2022-04-13,5060.0,5252.666,5297.7837
2022-04-14,4288.0,4890.1777,4872.761
2022-04-15,1585.0,4594.744,4511.673
2022-04-16,2109.0,2419.4631,1525.7307
2022-04-17,705.0,505.8899,401.1401
2022-04-18,5630.0,4732.1865,4841.0776
2022-04-19,5958.0,4580.1206,5054.994
2022-04-20,5701.0,4513.1274,5007.276
2022-04-21,5609.0,3925.7249,4519.1846
2022-04-22,5644.0,3390.7087,4440.732
2022-04-23,2417.0,1663.576,2568.6396
2022-04-24,760.0,1148.1062,1496.6744
2022-04-25,5623.0,4880.6826,4784.655
2022-04-26,5718.0,5474.9824,5538.928
2022-04-27,5252.0,5429.9956,5359.025
2022-04-28,5127.0,5155.3184,5194.6377
2022-04-29,5005.0,4804.941,4642.8047
2022-04-30,2163.0,2419.7793,2515.6846
2022-05-01,597.0,332.5022,478.53534
2022-05-02,5617.0,5364.7837,5567.992
2022-05-03,6003.0,5765.6406,5934.3335
2022-05-04,5787.0,5291.258,5625.5503
2022-05-05,6028.0,5114.5225,5341.495
2022-05-06,5455.0,5172.187,5497.624
2022-05-07,2315.0,2336.642,2652.3154
2022-05-08,623.0,728.1033,722.8596
2022-05-09,6083.0,4977.76,4901.29
2022-05-10,6129.0,5537.506,6057.174
2022-05-11,6129.0,5042.504,5415.186
2022-05-12,5967.0,5488.1963,5838.179
2022-05-13,5486.0,5116.119,5448.295
2022-05-14,2261.0,2853.893,3135.1611
2022-05-15,884.0,694.6494,711.9394
2022-05-16,5717.0,4831.5425,4912.759
2022-05-17,5643.0,5760.134,5959.781
2022-05-18,2136.0,5527.3706,5424.6333
2022-05-19,5716.0,5587.2646,4672.029
2022-05-20,5629.0,5125.638,5175.673
2022-05-21,2673.0,2386.6782,2535.6736
2022-05-22,922.0,505.95776,767.1125
2022-05-23,5797.0,4450.084,4621.6543
2022-05-24,5946.0,4794.1904,5243.0117
2022-05-25,1795.0,4339.1196,5249.465
2022-05-26,6077.0,4748.991,4139.9243
2022-05-27,5388.0,5139.3047,5582.621
2022-05-28,3106.0,2301.3784,2347.0762
2022-05-29,981.0,672.0591,987.9857
2022-05-30,9087.0,5398.943,5258.676
2022-05-31,8360.0,5547.548,6724.4736
2022-06-01,8232.0,4652.0396,5955.7812
2022-06-02,5931.0,5558.2305,6822.6094
2022-06-03,6212.0,6001.797,6281.753
2022-06-04,3065.0,3343.7896,3761.4072
2022-06-05,1143.0,1467.1694,1416.9113
2022-06-06,6155.0,6142.213,5630.938
2022-06-07,6110.0,5675.0415,5606.419
2022-06-08,6664.0,6141.1113,6015.636
2022-06-09,6384.0,5512.573,5783.6396
2022-06-10,5651.0,5668.5605,6013.202
2022-06-11,2489.0,3037.4067,3414.983
2022-06-12,901.0,2042.7528,2237.1404
2022-06-13,6033.0,4682.918,4697.5723
2022-06-14,6010.0,4861.533,5153.3774
2022-06-15,5671.0,5248.9043,5814.0396
2022-06-16,5048.0,4903.187,5133.2905
2022-06-17,2322.0,4996.873,5076.622
2022-06-18,2247.0,2642.4058,1840.6646
2022-06-19,734.0,-170.72437,108.59433
2022-06-20,2022.0,4603.2827,4768.16
2022-06-21,5958.0,4926.453,4009.7334
2022-06-22,5626.0,4486.944,5006.761
2022-06-23,5445.0,4782.082,5069.0503
2022-06-24,4828.0,4029.4756,4760.5244
2022-06-25,2343.0,1962.0372,2448.9978
2022-06-26,527.0,1404.0247,1301.2682
2022-06-27,5237.0,4435.2603,4453.918
2022-06-28,5246.0,5138.7695,5393.9756
2022-06-29,5236.0,5070.667,4787.577
2022-06-30,4787.0,4999.032,5226.743
2022-07-01,5292.0,4790.204,4719.1953
2022-07-02,2205.0,3264.8616,3280.486
2022-07-03,970.0,591.65186,628.1334
2022-07-04,5807.0,4856.6396,5045.55
2022-07-05,5861.0,5570.907,5736.854
2022-07-06,5925.0,5373.9385,5639.167
2022-07-07,6001.0,5170.4014,5651.4746
2022-07-08,5292.0,5041.658,5271.0396
2022-07-09,1967.0,2052.9385,2398.4543
2022-07-10,1191.0,320.63428,310.59637
2022-07-11,6141.0,5434.0547,5562.792
2022-07-12,6093.0,5575.9766,5940.423
2022-07-13,6408.0,5443.8354,5782.0933
2022-07-14,5465.0,5008.056,5126.366
2022-07-15,6216.0,5181.352,5632.5493
2022-07-16,3231.0,2301.454,2931.4426
2022-07-17,1343.0,826.9707,1037.2059
2022-07-18,6444.0,5236.95,5534.4316
2022-07-19,5886.0,5595.623,6092.754
2022-07-20,5482.0,5576.458,5615.5527
2022-07-21,5553.0,5726.297,5873.461
2022-07-22,5619.0,5048.9526,5083.2144
2022-07-23,2528.0,3192.6213,3304.7625
2022-07-24,1141.0,1464.2332,1393.0588
2022-07-25,6339.0,4882.964,4811.773
2022-07-26,6347.0,5075.193,5540.1724
2022-07-27,6355.0,4960.218,5565.33
2022-07-28,6220.0,4695.116,5438.003
2022-07-29,6252.0,5051.045,5568.3633
2022-07-30,3086.0,2435.0825,3107.0051
2022-07-31,1625.0,1053.0818,1519.2189
2022-08-01,6606.0,5661.113,5757.691
2022-08-02,6866.0,5669.2266,5952.272
2022-08-03,6803.0,6038.2656,6476.11
2022-08-04,7140.0,5734.6543,5880.179
2022-08-05,6498.0,5578.9624,6075.4805
2022-08-06,3396.0,3338.723,3822.2837
2022-08-07,1243.0,1447.0283,1633.3899
2022-08-08,7089.0,5808.2744,5848.1187
2022-08-09,7146.0,5017.205,5484.129
2022-08-10,6899.0,5566.2256,6293.4385
2022-08-11,6332.0,5409.9946,5898.659
2022-08-12,5817.0,5071.2725,5459.1934
2022-08-13,2338.0,3175.9297,3561.216
2022-08-14,703.0,831.16455,856.6413
2022-08-15,2073.0,5189.375,5197.2993
2022-08-16,5825.0,5658.3096,4560.732
2022-08-17,5510.0,5511.7666,5564.067
2022-08-18,5561.0,5577.726,5541.921
2022-08-19,4714.0,5749.3867,5824.5586
2022-08-20,2366.0,2761.948,2762.3071
2022-08-21,488.0,1051.5159,1079.158
2022-08-22,5221.0,4413.5576,4591.649
2022-08-23,5226.0,5380.9263,5736.7393
2022-08-24,4985.0,5144.56,5121.6167
2022-08-25,5038.0,4852.117,4885.5356
2022-08-26,4931.0,4647.295,4808.748
2022-08-27,2359.0,2866.2395,2909.9229
2022-08-28,771.0,681.9563,783.5759
2022-08-29,5375.0,4688.212,4624.1436
2022-08-30,5546.0,5211.538,5332.302
2022-08-31,4636.0,4948.7188,5108.002
2022-09-01,5931.0,5142.207,5303.6426
2022-09-02,3845.0,4586.834,4836.8564
2022-09-03,2240.0,2527.5251,2432.4277
2022-09-04,715.0,300.42822,243.153
2022-09-05,6289.0,4860.963,4924.119
2022-09-06,6070.0,5457.1133,5869.874
2022-09-07,6441.0,4964.859,5249.1646
2022-09-08,5967.0,5164.831,5572.544
2022-09-09,5606.0,4788.7266,5321.845
2022-09-10,2516.0,2311.1328,2932.0615
2022-09-11,847.0,1042.0896,1072.9604
2022-09-12,5907.0,5450.649,5378.603
2022-09-13,5972.0,5850.004,6089.309
2022-09-14,5961.0,5726.6567,5695.7607
2022-09-15,5903.0,5628.7803,5766.372
2022-09-16,5686.0,5219.7085,5383.161
2022-09-17,2585.0,2537.6238,2800.855
2022-09-18,853.0,891.33716,1099.9072
2022-09-19,6213.0,4948.283,5095.7236
2022-09-20,6157.0,4948.1543,5401.9297
2022-09-21,6135.0,5028.131,5564.213
2022-09-22,5988.0,4997.307,5494.2197
2022-09-23,5599.0,4912.04,5293.717
2022-09-24,2489.0,2667.39,3027.466
2022-09-25,1062.0,812.47144,950.4497
2022-09-26,5922.0,5205.5312,5230.0376
2022-09-27,6759.0,5350.532,5525.051
2022-09-28,5905.0,5461.0767,6033.539
2022-09-29,6110.0,5259.051,5428.534
2022-09-30,6002.0,5332.498,5722.9004
2022-10-01,2293.0,2440.792,2878.9763
2022-10-02,817.0,1483.4153,1624.461
2022-10-03,5593.0,5324.321,5160.7876
2022-10-04,6324.0,6048.8784,6085.6274
2022-10-05,7313.0,5684.1406,5793.777
2022-10-06,6484.0,6127.676,6676.1826
2022-10-07,2590.0,5095.772,5271.0894
2022-10-08,2513.0,2340.662,1803.3759
2022-10-09,536.0,720.73535,1020.0171
2022-10-10,1931.0,5121.175,4985.012
2022-10-11,5921.0,5428.729,4624.002
2022-10-12,5707.0,5526.024,5596.9497
2022-10-13,5323.0,4815.936,4712.423
2022-10-14,4651.0,4410.2188,5014.301
2022-10-15,2035.0,2436.1362,2645.2925
2022-10-16,475.0,1163.8159,1057.8071
2022-10-17,5107.0,4766.753,5053.001
2022-10-18,5336.0,5573.6875,5577.019
2022-10-19,5113.0,5342.098,5142.6
2022-10-20,5082.0,5250.4097,5403.086
2022-10-21,4549.0,5209.5205,5067.283
2022-10-22,2107.0,2847.7576,2518.6387
2022-10-23,509.0,129.7666,190.21877
2022-10-24,5477.0,5007.5684,5129.973
2022-10-25,5250.0,5444.695,5508.153
2022-10-26,5341.0,4984.885,5047.8457
2022-10-27,4933.0,5135.862,5391.3955
2022-10-28,4975.0,4600.203,4665.1807
2022-10-29,2110.0,2216.4448,2610.2712
2022-10-30,594.0,648.0979,470.75894
2022-10-31,6534.0,5103.191,5001.9487
2022-11-01,5979.0,5487.6514,6120.195
2022-11-02,6593.0,5291.834,5416.611
2022-11-03,5774.0,5327.454,5753.2695
2022-11-04,5297.0,5303.1772,5718.129
2022-11-05,2400.0,2081.8413,2305.7168
2022-11-06,859.0,399.74316,549.1858
2022-11-07,5740.0,5488.706,5642.634
2022-11-08,5929.0,5862.005,5942.368
2022-11-09,6287.0,5814.667,5850.5107
2022-11-10,5920.0,5779.345,5961.4272
2022-11-11,5470.0,5416.554,5610.184
2022-11-12,2821.0,2613.58,2779.8435
2022-11-13,860.0,1279.1221,1415.5869
2022-11-14,6282.0,4557.6133,4513.2583
2022-11-15,6577.0,4801.635,5463.6836
2022-11-16,5667.0,4887.213,5536.6816
2022-11-17,5582.0,5309.636,5749.048
2022-11-18,5003.0,4846.975,5120.1016
2022-11-19,2359.0,2703.9932,2816.6633
2022-11-20,707.0,811.18896,919.5293
2022-11-21,2699.0,4677.003,4606.1035
2022-11-22,5575.0,5249.575,4492.6113
2022-11-23,5462.0,5073.359,5200.224
2022-11-24,5649.0,4923.1064,5084.9697
2022-11-25,6277.0,5037.9385,5385.7783
2022-11-26,2736.0,2060.475,2701.189
2022-11-27,1417.0,1068.5256,1416.9896
2022-11-28,5998.0,4247.9263,4662.684
2022-11-29,6202.0,5023.7305,5721.0127
2022-11-30,5844.0,4713.3833,5142.516
2022-12-01,5606.0,5173.674,5583.0513
2022-12-02,5927.0,4946.8213,5043.0703
2022-12-03,2665.0,2428.0955,2705.2046
2022-12-04,889.0,780.9541,1049.6678
2022-12-05,6130.0,5290.5845,5277.2695
2022-12-06,6180.0,5685.9136,5928.4336
2022-12-07,5299.0,5191.167,5405.6274
2022-12-08,2586.0,5058.53,5359.2153
2022-12-09,1742.0,4873.2373,4195.0664
2022-12-10,2787.0,2500.4106,1639.2285
2022-12-11,1034.0,927.25806,978.50146
2022-12-12,6419.0,4933.259,4848.0605
2022-12-13,5445.0,5207.8193,5749.3213
2022-12-14,5899.0,5078.785,5213.242
2022-12-15,6162.0,4388.134,4973.0464
2022-12-16,6226.0,3867.0007,4983.309
2022-12-17,3142.0,2340.1726,3270.5024
2022-12-18,594.0,1918.8519,2302.0178
2022-12-19,5683.0,5775.4736,5401.533
2022-12-30,4270.0,4817.0947,4648.0117
2022-12-31,1573.0,2271.5881,2028.0248
2023-01-01,552.0,624.0864,467.32385
2023-01-02,4487.0,5798.295,5511.8584
2023-01-03,4631.0,5532.372,5028.374
2023-01-04,4882.0,4849.339,4872.53
2023-01-05,4943.0,4810.1523,4964.8726
2023-01-06,4576.0,4440.449,4617.601
2023-01-07,2316.0,2423.4302,2722.4722
2023-01-08,937.0,824.0078,811.17175
2023-01-09,4795.0,4829.592,5048.564
2023-01-10,5108.0,5175.352,5322.4985
2023-01-11,4525.0,4932.788,4785.903
2023-01-12,4193.0,4859.058,4702.7656
2023-01-13,4437.0,4178.9707,4171.8257
2023-01-14,2469.0,2235.2805,2395.3723
2023-01-15,747.0,328.00098,416.8293
2023-01-16,4559.0,4582.8384,4881.9287
2023-01-17,3844.0,4769.5615,4829.9253
2023-01-18,9590.0,4478.5767,4408.1157
2023-01-19,4133.0,4462.0664,6172.847
2023-01-20,3635.0,4312.6587,4138.9316
2023-01-21,1958.0,2339.5386,2349.946
2023-01-22,551.0,580.2163,423.84393
2023-01-23,4249.0,4752.8286,4720.1484
2023-01-24,4734.0,4559.143,4655.5913
2023-01-25,4736.0,4788.4287,4402.659
2023-01-26,4558.0,4723.696,4662.8438
2023-01-27,3982.0,4297.2544,4557.77
2023-01-28,1915.0,1813.2418,1877.6152
2023-01-29,514.0,718.25806,905.6699
2023-01-30,4689.0,4851.2485,5180.896
2023-01-31,4916.0,4415.288,4247.5835
2023-02-01,5616.0,5228.1367,5449.458
2023-02-02,5470.0,5402.9775,5696.383
2023-02-03,5126.0,4188.1514,4382.6406
2023-02-04,2473.0,2341.9128,2520.4463
2023-02-05,778.0,699.0078,930.29645
2023-02-06,5058.0,4893.3613,5076.619
2023-02-07,5698.0,5285.875,5414.3267
2023-02-08,5380.0,5169.7534,5284.9443
2023-02-09,5029.0,5185.45,5335.146
2023-02-10,4687.0,4667.3066,4699.5117
2023-02-11,2191.0,2605.9548,2828.849
2023-02-12,869.0,261.83325,111.41565
2023-02-13,4923.0,5090.4834,5160.54
2023-02-14,5527.0,4918.0283,5052.744
2023-02-15,5672.0,5135.831,5383.991
2023-02-16,4237.0,4324.3696,4568.357
2023-02-17,4233.0,4341.552,4460.816
2023-02-18,2046.0,2196.1868,2364.3503
2023-02-19,679.0,135.47778,97.01607
2023-02-20,1492.0,4034.0483,4286.893
2023-02-21,1932.0,4828.2104,4104.857
2023-02-22,4613.0,5674.221,4805.752
2023-02-23,4784.0,5313.23,4937.0737
2023-02-24,4879.0,4467.969,4343.6816
2023-02-25,2277.0,1918.3418,2093.4827
2023-02-26,802.0,863.95215,976.0797
2023-02-27,4849.0,3946.8425,4283.6997
2023-02-28,5254.0,3238.4404,3927.6462
2023-03-01,4795.0,4389.045,5113.288
2023-03-02,5337.0,4812.158,5160.0835
2023-03-03,4979.0,4521.0576,4754.3623
2023-03-04,2597.0,2220.8274,2157.882
2023-03-05,1090.0,1061.3547,1217.1006
2023-03-06,5641.0,4954.053,5010.4316
2023-03-07,5792.0,5027.524,5057.758
2023-03-08,5165.0,4809.7646,5050.6094
2023-03-09,5146.0,4759.6035,5019.32
2023-03-10,5140.0,4759.1743,4979.1816
2023-03-11,2618.0,2582.334,2886.5474
2023-03-12,1177.0,1042.0986,1198.731
2023-03-13,5481.0,4713.54,4754.0776
2023-03-14,5653.0,4851.819,5175.617
2023-03-15,5158.0,4512.2583,4837.867
2023-03-16,4914.0,4612.657,4784.876
2023-03-17,4828.0,4373.7646,4495.536
2023-03-18,2067.0,2430.6228,2893.9683
2023-03-19,796.0,1039.4976,1105.156
2023-03-20,4455.0,4050.6997,4080.6555
2023-03-21,4735.0,4409.9985,4576.176
2023-03-22,4489.0,4018.2957,4170.5293
2023-03-23,3943.0,4344.078,4658.124
2023-03-24,1794.0,4218.465,4205.7783
2023-03-25,1807.0,1911.6908,1298.3455
2023-03-26,715.0,573.94507,637.0781
2023-03-27,4417.0,4044.583,4043.009
2023-03-28,4582.0,4121.8364,4279.2085
2023-03-29,4329.0,4114.2666,4314.3896
2023-03-30,4318.0,3939.3875,4088.458
2023-03-31,4826.0,3125.9885,3650.1655
2023-04-01,1605.0,1610.5004,2250.9167
2023-04-02,791.0,612.8755,668.76746
2023-04-03,4086.0,4967.7515,5147.7695
2023-04-04,3782.0,5085.873,4736.271
2023-04-05,3849.0,4910.4326,4497.889
2023-04-06,3345.0,4633.0547,4440.6353
2023-04-07,1340.0,4085.729,3496.0837
2023-04-08,1465.0,2157.3555,1295.5245
2023-04-09,586.0,-251.21973,-445.6147
2023-04-10,3916.0,4076.0837,4374.2705
2023-04-11,4335.0,3894.2378,4062.2034
2023-04-12,4303.0,3815.3584,4248.8657
2023-04-13,4191.0,3865.5303,4123.4575
2023-04-14,3996.0,2610.7412,3128.7754
2023-04-15,1913.0,1710.825,2276.4453
2023-04-16,604.0,751.92993,624.22455
2023-04-17,4405.0,4349.002,4318.469
2023-04-18,4296.0,4564.9263,4621.705
2023-04-19,4512.0,4855.641,4691.792
2023-04-20,4331.0,4274.692,4290.6133
2023-04-21,3939.0,3803.9216,3790.9668
2023-04-22,1420.0,1789.3439,1778.6597
2023-04-23,623.0,-167.5481,-68.28803
2023-04-24,3914.0,4057.4285,4467.1733
2023-04-25,4713.0,4125.6025,4137.416
2023-04-26,4671.0,3977.1438,4321.2637
2023-04-27,4592.0,4000.173,4229.7573
2023-04-28,3666.0,3285.4355,3487.8613
2023-04-29,1624.0,1105.1465,1449.6174
2023-04-30,837.0,-58.830322,47.057068
2023-05-01,639.0,3815.334,4136.501
2023-05-02,4323.0,4186.957,3454.6338
2023-05-03,4451.0,4554.7666,4718.1953
2023-05-04,3995.0,4437.5347,4221.6147
2023-05-05,4003.0,3615.3218,3669.436
2023-05-06,2147.0,1432.1487,1612.4388
2023-05-07,640.0,545.5281,703.2846
2023-05-08,5141.0,3669.6924,4233.2734
2023-05-09,5010.0,4355.5576,4950.823
2023-05-10,4759.0,4871.4917,5034.6
2023-05-11,4365.0,4853.4717,5148.3926
2023-05-12,4013.0,3976.2761,3814.2292
2023-05-13,1702.0,2105.601,1915.4979
2023-05-14,768.0,303.24756,405.0434
2023-05-15,4202.0,4339.048,4377.8496
2023-05-16,4026.0,4547.239,4422.4937
2023-05-17,4586.0,4868.571,4888.017
2023-05-18,4356.0,4499.1377,4652.482
2023-05-19,4004.0,4154.039,4115.9824
2023-05-20,1920.0,1630.4517,1869.7837
2023-05-21,808.0,653.25415,710.88306
2023-05-22,4658.0,3640.4675,3738.9216
2023-05-23,4182.0,3850.1982,4352.015
2023-05-24,3930.0,3839.7654,3998.9941
2023-05-25,1499.0,4059.9832,4070.431
2023-05-26,1371.0,3916.0544,3343.2725
2023-05-27,1601.0,1561.1935,870.274
2023-05-28,704.0,314.07397,149.25284
2023-05-29,4321.0,3968.5789,4061.2266
2023-05-30,4336.0,4126.7954,4313.9907
2023-05-31,4412.0,4117.864,4208.5684
2023-06-01,3988.0,3381.4448,3874.8484
2023-06-02,4415.0,2230.1208,2824.2148
2023-06-03,1728.0,1375.0901,2078.5156
2023-06-04,897.0,622.3362,759.8898
2023-06-05,4272.0,4516.2876,4703.2646
2023-06-06,4471.0,4570.736,4388.4214
2023-06-07,4518.0,4330.197,4356.3325
2023-06-08,4177.0,4057.2183,4191.676
2023-06-09,4111.0,3803.4004,3602.5906
2023-06-10,1892.0,1735.5555,1853.1469
2023-06-11,823.0,380.4038,590.1924
2023-06-12,4528.0,4183.2944,4503.7397
2023-06-13,4174.0,3992.387,4293.704
2023-06-14,4196.0,4216.206,4475.0522
2023-06-15,4104.0,3946.9446,4001.1106
2023-06-16,3880.0,3251.691,3402.7214
2023-06-17,1487.0,1684.77,1862.6865
2023-06-18,709.0,151.02783,50.26445
2023-06-19,1496.0,3720.7886,3937.7349
2023-06-20,1705.0,3555.7737,3110.4001
2023-06-21,4367.0,3119.6375,2706.0862
2023-06-22,4259.0,3322.822,3677.16
2023-06-23,4091.0,3250.333,3534.5308
2023-06-24,1956.0,1455.6301,1933.3695
2023-06-25,791.0,79.481445,322.13055
2023-06-26,4487.0,3144.5195,3709.712
2023-06-27,4434.0,3172.5012,3938.8425
2023-06-28,3921.0,3642.952,3942.5022
2023-06-29,3933.0,4059.3115,4153.158
2023-06-30,4115.0,3786.7688,3780.416
2023-07-01,1377.0,2210.419,2217.031
2023-07-02,661.0,739.55273,531.9259
2023-07-03,4103.0,4401.2695,4461.4814
2023-07-04,4270.0,4605.6045,4403.658
2023-07-05,4387.0,4185.848,4131.229
2023-07-06,4253.0,4120.706,4390.6694
2023-07-07,3778.0,3893.9119,4020.3796
2023-07-08,1704.0,1362.7795,1566.8804
2023-07-09,793.0,38.018066,299.37445
2023-07-10,3853.0,3711.1516,4006.8347
2023-07-11,4675.0,3940.74,4177.7
2023-07-12,4159.0,3956.0833,4245.782
2023-07-13,3972.0,3741.3142,3694.4487
2023-07-14,3556.0,3327.719,3563.8906
2023-07-15,1353.0,1363.7263,1667.6997
2023-07-16,709.0,370.33447,368.0352
2023-07-17,4756.0,3373.274,3541.1953
2023-07-18,4014.0,3921.8855,4408.3853
2023-07-19,3817.0,3473.51,3568.6536
2023-07-20,3712.0,3407.71,3742.8867
2023-07-21,3203.0,3184.8098,3325.7583
2023-07-22,1473.0,1038.8816,1087.9431
2023-07-23,855.0,517.5576,771.754
2023-07-24,4384.0,3823.2756,3841.3838
2023-07-25,4314.0,3967.6401,4211.9023
2023-07-26,4434.0,3588.258,3794.765
2023-07-27,4140.0,3778.062,4142.8447
2023-07-28,3371.0,3465.045,3711.9062
2023-07-29,1394.0,1669.4216,1847.5022
2023-07-30,699.0,566.375,507.4713
2023-07-31,3905.0,4051.6284,4153.792
2023-08-01,3886.0,4350.9863,4423.8643
2023-08-02,4113.0,4578.2266,4469.3823
2023-08-03,4129.0,4684.676,4564.52
2023-08-04,3644.0,3598.0854,3545.3425
2023-08-05,1552.0,1275.2856,1406.333
2023-08-06,785.0,141.98804,274.14935
2023-08-07,3925.0,4110.829,4452.89
2023-08-08,4442.0,4227.5776,4294.112
2023-08-09,4101.0,3859.073,4113.949
2023-08-10,4003.0,4015.0576,4237.5903
2023-08-21,1463.0,3311.047,3381.5234
2023-08-22,4040.0,3716.0884,3151.1926
2023-08-23,3990.0,3851.833,3929.0273
2023-08-24,3986.0,3591.6255,3588.5176
2023-08-25,3637.0,3275.4675,3514.4749
2023-08-26,1541.0,1408.4822,1583.3019
2023-08-27,771.0,257.59375,368.18326
2023-08-28,3496.0,3285.1172,3786.5212
2023-08-29,3632.0,3476.5627,3600.9321
2023-08-30,3677.0,3684.3525,3806.3855
2023-08-31,3399.0,3865.275,3882.3867
2023-09-01,3203.0,3578.0,3432.7737
2023-09-02,1306.0,1608.5619,1482.4359
2023-09-03,750.0,352.239,345.66687
2023-09-04,3525.0,3833.156,3942.7576
2023-09-05,3452.0,3836.1794,3807.7847
2023-09-06,3851.0,3603.051,3590.8884
2023-09-07,3590.0,3704.5708,3975.4988
2023-09-08,3232.0,3121.5073,3238.925
2023-09-09,1212.0,1355.6562,1538.6956
2023-09-10,663.0,284.76465,232.7888
2023-09-11,3797.0,3708.8586,3930.7275
2023-09-12,3635.0,3546.8853,3709.44
2023-09-13,3503.0,3523.274,3519.4673
2023-09-14,3492.0,3442.2505,3494.2979
2023-09-15,3047.0,2939.1982,3099.4316
2023-09-16,1120.0,1359.738,1502.3633
2023-09-17,550.0,395.9978,338.36353
2023-09-18,3451.0,3298.351,3476.945
2023-09-19,3257.0,3369.0327,3458.8923
2023-09-20,3094.0,3077.5142,3133.506
2023-09-21,5203.0,3179.537,3272.9448
2023-09-22,3619.0,2755.8604,3434.8127
2023-09-23,1150.0,1530.5059,1895.5369
2023-09-24,731.0,305.3755,354.5922
2023-09-25,3478.0,2856.1077,3051.9666
2023-09-26,3941.0,2796.6465,3103.9897
2023-09-27,3796.0,2714.0703,3221.0679
2023-09-28,3578.0,3277.1948,3487.2415
2023-09-29,2998.0,2987.373,3104.173
2023-09-30,1396.0,1527.9741,1793.2765
2023-10-01,816.0,510.8208,520.36176
2023-10-02,3726.0,3500.6562,3654.8545
2023-10-03,3898.0,3701.4128,3895.5847
2023-10-04,3931.0,3509.9373,3522.0203
2023-10-05,3749.0,3600.1558,3794.404
2023-10-06,3659.0,2878.2407,3105.4946
2023-10-07,1472.0,1542.8356,1983.9531
2023-10-08,744.0,888.3601,949.4713
2023-10-09,3842.0,3367.3213,3454.3635
2023-10-10,4265.0,3311.364,3527.2573
2023-10-11,4008.0,3316.3643,3676.6729
2023-10-12,3370.0,3363.7468,3715.1772
2023-10-13,1730.0,2953.2068,2988.3562
2023-10-14,1272.0,1611.9641,1403.3809
2023-10-15,708.0,481.03198,584.21246
2023-10-16,1540.0,3049.1462,3072.8496
2023-10-17,3795.0,3230.928,2691.0293
2023-10-18,3714.0,3223.357,3488.3215
2023-10-19,4198.0,3061.69,3195.87
2023-10-20,3372.0,2406.2578,3042.926
2023-10-21,1657.0,1387.4766,1902.7191
2023-10-22,917.0,792.3589,933.0215
2023-10-23,3558.0,2870.336,3163.7275
2023-10-24,3837.0,3023.4614,3270.101
2023-10-25,3503.0,3195.626,3415.396
2023-10-26,2788.0,3565.3516,3723.7383
2023-10-27,2637.0,3152.2773,2881.1223
2023-10-28,1007.0,1610.5579,1434.0413
2023-10-29,439.0,601.27344,560.10443
2023-10-30,3228.0,3303.147,3299.138
2023-10-31,2918.0,3325.2075,3280.1863
2023-11-01,3663.0,3461.5117,3366.659
2023-11-02,3548.0,3490.486,3816.8306
2023-11-03,3041.0,2813.6497,2982.37
2023-11-04,1050.0,1243.6919,1523.2065
2023-11-05,461.0,349.17358,322.7955
2023-11-06,4266.0,3391.2007,3443.0227
2023-11-07,4006.0,3280.7761,3663.816
2023-11-08,4038.0,3323.806,3625.3752
2023-11-09,3095.0,3404.2588,3665.342
2023-11-10,2765.0,2833.8748,2883.0354
2023-11-11,1244.0,1210.2554,1372.8417
2023-11-12,544.0,394.17676,451.54025
2023-11-13,3499.0,3539.2083,3621.3713
2023-11-14,3328.0,3798.1768,3747.4434
2023-11-15,3070.0,3738.6772,3597.663
2023-11-16,2875.0,3551.8367,3475.978
2023-11-17,4063.0,2933.483,2846.1438
2023-11-18,1105.0,1620.3492,1993.1389
2023-11-19,538.0,620.91943,484.05432
2023-11-20,1086.0,3003.9956,3115.109
2023-11-21,4764.0,2919.6848,2425.7378
2023-11-22,3220.0,3011.1265,3740.1353
2023-11-23,3115.0,3002.9932,3173.0913
2023-11-24,2892.0,2981.7878,3067.4502
2023-11-25,1339.0,1450.4397,1520.6985
2023-11-26,796.0,-124.75708,-71.86821
2023-11-27,3545.0,2919.774,3464.1985
2023-11-28,3511.0,3819.4216,3921.926
2023-11-29,3181.0,3970.7273,3981.9922
2023-11-30,3341.0,3731.824,3589.1616
2023-12-01,3355.0,3387.2173,3304.0679
2023-12-02,1597.0,1958.7936,1960.2692
2023-12-03,1063.0,1135.7134,1134.2528
2023-12-04,4416.0,4167.6284,4009.0166
2023-12-05,4420.0,4110.038,4317.3403
2023-12-06,4108.0,3887.3274,4137.3755
2023-12-07,5298.0,3886.6025,4179.271
2023-12-08,1821.0,3163.4343,3632.7522
2023-12-09,2034.0,1625.0077,1351.6907
2023-12-10,1311.0,630.69775,896.496
2023-12-11,3937.0,4020.8904,4246.5977
2023-12-12,3564.0,4218.418,4270.341
2023-12-13,3956.0,4086.916,3893.8933
2023-12-14,3414.0,4509.3765,4372.6265
2023-12-15,3011.0,3289.7341,3230.2148
2023-12-16,1308.0,2290.7717,2357.2122
2023-12-17,468.0,1278.5586,784.0553
2023-12-18,3472.0,4456.8506,4373.597
2023-12-19,3446.0,4344.7183,4189.524
2023-12-20,3153.0,3995.2117,3706.0579
2023-12-21,2868.0,3890.0046,3850.9275
2023-12-22,2540.0,3508.099,3200.5916
2023-12-23,879.0,2186.2578,1936.006
2023-12-24,231.0,818.0393,488.36807
2023-12-25,260.0,3848.7832,3835.39
2023-12-26,2907.0,3966.2122,2860.2876
2023-12-27,3082.0,3877.729,3671.2603
2023-12-28,2977.0,3790.3018,3464.7405
2023-12-29,2717.0,3016.0293,2858.7864
2023-12-30,998.0,1650.65,1692.1678
2023-12-31,265.0,706.0608,477.47137
2024-01-01,187.0,4402.538,4546.813
2024-01-02,3116.0,4160.2783,3022.0962
2024-01-03,3190.0,4239.064,3949.0273
2024-01-04,3228.0,3998.4136,3440.6123
2024-01-05,3310.0,3033.2812,2772.5747
2024-01-06,1312.0,1391.5552,1336.6809
2024-01-07,389.0,850.03296,834.3853
2024-01-08,3236.0,4437.9976,4751.394
2024-01-09,3159.0,4002.1538,3776.4836
2024-01-10,3180.0,4079.5278,3793.748
2024-01-11,2937.0,3755.1506,3629.949
2024-01-12,2664.0,3169.6147,2760.836
2024-01-13,969.0,1685.8987,1347.1403
2024-01-14,439.0,759.09033,644.22546
2024-01-15,3052.0,3626.4402,3605.8022
2024-01-16,3376.0,3497.5596,3404.8384
2024-01-17,3214.0,3429.6042,3452.3208
2024-01-18,2869.0,3406.1814,3455.656
2024-01-19,3395.0,3212.4836,3123.7651
2024-01-20,1236.0,1869.4948,2135.7397
2024-01-21,443.0,966.19507,758.03516
2024-01-22,3554.0,3639.9255,3631.6628
2024-01-23,3206.0,3639.767,3640.023
2024-01-24,3110.0,3551.3145,3338.1924
2024-01-25,3139.0,3522.2407,3424.934
2024-01-26,3236.0,3269.198,3217.723
2024-01-27,1260.0,2165.019,2345.2014
2024-01-28,549.0,1208.7776,1025.7086
2024-01-29,3650.0,3751.084,3704.193
2024-01-30,3228.0,3601.072,3614.5542
2024-01-31,4303.0,3590.0674,3533.637
2024-02-01,4130.0,3781.4893,4057.706
2024-02-02,3502.0,3467.4421,3595.8782
2024-02-03,1300.0,2225.689,2451.5632
2024-02-04,672.0,1331.6123,1190.8186
2024-02-05,3903.0,4100.369,3947.3047
2024-02-06,3682.0,3891.4324,3919.9087
2024-02-07,3773.0,4334.0586,4242.866
2024-02-08,3218.0,4314.085,4111.495
2024-02-09,2940.0,3659.2422,3386.2312
2024-02-10,898.0,2140.8271,2066.5642
2024-02-11,383.0,1003.8435,714.22217
2024-02-12,1078.0,3923.2144,3834.3872
2024-02-13,1159.0,3559.0737,2697.2153
2024-02-14,3217.0,3652.644,2968.204
2024-02-15,3482.0,3386.2085,3270.6926
2024-02-16,3850.0,3239.968,3289.0125
2024-02-17,1053.0,1766.3988,2113.65
2024-02-18,385.0,639.6692,515.68823
2024-02-19,3095.0,2928.1138,3127.2766
2024-02-20,3225.0,2976.4688,3281.128
2024-02-21,3146.0,2953.6626,3085.8408
2024-02-22,2903.0,3395.0107,3463.796
2024-02-23,3261.0,2968.1362,2742.747
2024-02-24,1104.0,1757.8372,1839.8761
2024-02-25,550.0,781.8179,655.03894
2024-02-26,3483.0,3024.9253,2965.8171
2024-02-27,3645.0,3258.119,3357.1365
2024-02-28,3977.0,3133.2483,3238.6792
2024-02-29,3656.0,2755.5386,3201.2036
2024-03-01,2932.0,2977.7087,3339.0684
2024-03-02,1134.0,1553.317,1713.0603
2024-03-03,523.0,634.5134,658.2128
2024-03-04,3878.0,3703.8076,3644.064
2024-03-05,3572.0,3670.245,3771.9397
2024-03-06,3694.0,3639.0793,3600.6267
2024-03-07,3506.0,3901.788,3791.1704
2024-03-08,3748.0,3220.2344,3203.7253
2024-03-09,1418.0,1720.3186,2215.067
2024-03-10,745.0,743.5383,817.5259
2024-03-11,3412.0,3492.9812,3618.8147
2024-03-12,2946.0,3414.15,3502.7197
2024-03-13,4849.0,3402.9072,3314.4924
2024-03-14,3998.0,3347.8877,3966.8076
2024-03-15,5158.0,3216.8804,3432.186
2024-03-16,1445.0,1970.3522,2727.0403
2024-03-17,700.0,757.26587,696.5777
2024-03-18,3934.0,3466.0366,3616.1218
2024-03-19,4609.0,3215.107,3462.4644
2024-03-20,4587.0,3724.3918,4123.6816
2024-03-21,3652.0,3542.2913,3879.1455
2024-03-22,3416.0,3899.142,3900.3843
2024-03-23,1059.0,2237.0527,2260.0054
2024-03-24,439.0,462.59863,274.2899
2024-03-25,3647.0,4066.9753,4083.8958
2024-03-26,3197.0,4037.503,3804.8613
2024-03-27,2929.0,4230.7334,4048.5703
2024-03-28,2676.0,3683.512,3287.4407
2024-03-29,1102.0,3549.8757,3387.419
2024-03-30,815.0,1741.5985,1188.357
2024-03-31,347.0,526.345,366.71167
2024-04-01,1286.0,4097.504,3961.1313
2024-04-02,1380.0,4023.7825,3332.4358
2024-04-03,3384.0,4001.6145,3327.833
2024-04-04,3388.0,3785.3508,3562.6687
2024-04-05,2762.0,2449.7197,2531.9219
2024-04-06,855.0,1453.5149,1728.6511
2024-04-07,479.0,1129.2498,890.7048
2024-04-08,6346.0,4165.658,4206.9243
2024-04-09,5072.0,3830.955,4740.673
2024-04-10,3283.0,3902.497,4154.286
2024-04-11,3221.0,3501.1365,3619.291
2024-04-12,2900.0,3116.5737,2993.9248
2024-04-13,1103.0,1717.2451,1477.1157
2024-04-14,507.0,995.58936,871.2472
2024-04-15,3217.0,5246.261,4930.846
2024-04-16,3556.0,5258.0527,4383.843
2024-04-17,3458.0,4468.7124,4074.511
2024-04-18,3043.0,4349.248,4026.775
2024-04-19,4087.0,3148.366,2755.5278
2024-04-20,1048.0,1368.5767,1909.2412
2024-04-21,368.0,1135.0964,1000.9641
2024-04-22,3668.0,3272.0598,3260.658
2024-04-23,3898.0,3478.3938,3975.5032
2024-04-24,3520.0,3259.4204,3539.1685
2024-04-25,3987.0,3434.0693,3544.8655
2024-04-26,3705.0,2972.7085,3092.8242
2024-04-27,1154.0,1418.6108,1738.5956
2024-04-28,463.0,33.178955,181.12834
2024-04-29,3567.0,3462.1165,3626.5269
2024-04-30,3761.0,3865.6267,3832.0432
2024-05-01,628.0,4165.787,4311.517
2024-05-02,3393.0,4176.8525,3211.9707
2024-05-03,5689.0,3154.585,2808.4563
2024-05-04,2021.0,1610.6615,2254.987
2024-05-05,569.0,314.03174,553.96606
2024-05-06,4536.0,3948.1357,4181.798
2024-05-07,5144.0,3991.801,4217.911
2024-05-08,4468.0,2936.6711,3763.522
2024-05-09,3980.0,3310.1978,4007.7627
2024-05-10,3876.0,3849.2397,3892.362
2024-05-11,1468.0,2023.6616,2150.5022
2024-05-12,544.0,578.0923,504.93182
2024-05-13,5732.0,4331.265,4242.4497
2024-05-14,6135.0,3839.4773,4365.922
2024-05-15,6242.0,4412.5386,5108.003
2024-05-16,4769.0,3763.5034,4411.609
2024-05-17,4958.0,3797.5784,4322.155
2024-05-18,2130.0,1658.0627,2403.0205
2024-05-19,1393.0,398.0564,817.86725
2024-05-20,4281.0,3871.3118,4197.763
2024-05-21,4303.0,4401.063,4372.071
2024-05-22,4149.0,4871.589,4806.062
2024-05-23,4264.0,4660.6753,4515.634
2024-05-24,3644.0,4246.304,4010.133
2024-05-25,1109.0,2158.4766,1995.897
2024-05-26,710.0,726.90283,640.29944
2024-05-27,6057.0,4075.478,4323.4004
2024-05-28,5496.0,3818.9785,4447.48
2024-05-29,3852.0,3948.9636,4723.994
2024-05-30,3960.0,3639.2856,3972.5632
2024-05-31,3941.0,3555.9204,3884.8674
2024-06-01,1491.0,1608.326,1905.2461
2024-06-02,766.0,91.713135,145.39415
2024-06-03,5465.0,5509.8975,5508.056
2024-06-04,5249.0,5989.591,5815.2144
2024-06-05,6747.0,5125.146,5018.3906
2024-06-06,4565.0,5331.2744,5949.2695
2024-06-07,8696.0,4194.4155,4064.3071
2024-06-08,3026.0,1884.2831,3558.082
2024-06-09,1117.0,937.7864,1229.4119
2024-06-10,8228.0,4931.7837,5253.4956
2024-06-11,6371.0,5247.6816,6548.607
2024-06-12,5465.0,5539.2954,5793.818
2024-06-13,5002.0,4916.6084,5251.1504
2024-06-14,4138.0,4831.3467,4485.256
2024-06-15,1408.0,2475.4355,2091.6072
2024-06-16,694.0,104.82007,18.490463
2024-06-17,1350.0,5607.8496,5567.2173
2024-06-18,6953.0,5572.677,4139.3994
2024-06-19,4417.0,5464.9556,6429.704
2024-06-20,2071.0,4928.7773,4519.3755
2024-06-21,1727.0,5022.202,4484.2153
2024-06-22,1395.0,2025.5454,1299.8857
2024-06-23,579.0,1854.7181,1474.0214
2024-06-24,5589.0,4083.2354,3989.5957
2024-06-25,5771.0,5693.2905,6186.8237
2024-06-26,5205.0,5445.157,5395.0923
2024-06-27,4909.0,4828.824,5147.825
2024-06-28,4597.0,3025.5754,3438.7646
2024-06-29,1593.0,1767.1356,2137.359
2024-06-30,661.0,1333.6963,1736.6152
2024-07-01,4834.0,5507.3076,5185.2134
2024-07-02,4905.0,6348.9805,5880.2363
2024-07-03,3003.0,5846.41,5250.121
2024-07-04,7441.0,5445.379,4935.3516
2024-07-05,5898.0,4817.523,4890.27
2024-07-06,2290.0,2065.079,2304.3503
2024-07-07,619.0,328.312,653.015
2024-07-08,5496.0,5278.507,5498.4453
2024-07-09,1846.0,5378.795,5657.871
2024-07-10,5527.0,4502.832,3939.2212
2024-07-11,6337.0,4331.325,4316.7305
2024-07-12,5472.0,4351.579,4767.1104
2024-07-13,1978.0,2036.2069,2594.89
2024-07-14,539.0,-260.24927,-484.9455
2024-07-15,4877.0,5559.7915,5849.7354
2024-07-16,6046.0,4890.8364,5456.1523
2024-07-17,5366.0,5026.1694,5499.2886
2024-07-18,5412.0,5492.468,5389.462
2024-07-19,4822.0,5618.9,5732.8325
2024-07-20,1710.0,2461.2322,2285.3293
2024-07-21,641.0,613.041,257.00815
2024-07-22,5198.0,5628.075,5999.919
2024-07-23,5590.0,5896.8057,5681.551
2024-07-24,5880.0,5712.494,5539.138
2024-07-25,5623.0,5777.8584,5912.5215
2024-07-26,5493.0,5038.035,5186.3823
2024-07-27,2028.0,2103.7405,2390.4883
2024-07-28,522.0,-200.78857,115.48352
2024-07-29,5862.0,4832.453,5174.671
2024-07-30,6162.0,5135.839,5462.678
2024-07-31,6100.0,5075.4756,5522.2544
2024-08-01,5300.0,5381.6885,5751.0264
2024-08-02,5669.0,4918.494,4847.4634
2024-08-03,2097.0,2035.602,2536.057
2024-08-04,709.0,-327.0537,-150.48712
2024-08-05,6655.0,5325.941,5540.0024
2024-08-06,6851.0,5941.698,6358.4595
2024-08-07,6404.0,5289.981,5603.1885
2024-08-08,3669.0,5761.5947,6270.6396
