date,cantidad_entregas,is_holiday,holiday_name,weekday,tipo_feriado
2019-09-05,2769,false,,4,0
2019-09-06,8474,false,,5,0
2019-09-07,613,false,,6,-1
2019-09-08,346,false,,7,-1
2019-09-09,4814,false,,1,0
2019-09-10,4767,false,,2,0
2019-09-11,3850,false,,3,0
2019-09-12,3856,false,,4,0
2019-09-13,3911,false,,5,0
2019-09-14,1621,false,,6,-1
2019-09-15,801,false,,7,-1
2019-09-16,4395,false,,1,0
2019-09-17,4425,false,,2,0
2019-09-18,4133,false,,3,0
2019-09-19,4129,false,,4,0
2019-09-20,4165,false,,5,0
2019-09-21,1308,false,,6,-1
2019-09-22,475,false,,7,-1
2019-09-23,3744,false,,1,0
2019-09-24,4246,false,,2,0
2019-09-25,3448,false,,3,0
2019-09-26,3803,false,,4,0
2019-09-27,3720,false,,5,0
2019-09-28,1283,false,,6,-1
2019-09-29,314,true,Rosh Hashana Eve,7,2
2019-09-30,4049,true,Rosh Hashana,1,2
2019-10-01,3895,true,Second Day of Rosh Hashana,2,2
2019-10-02,3875,false,,3,0
2019-10-03,3811,false,,4,0
2019-10-04,3815,false,,5,0
2019-10-05,1233,false,,6,-1
2019-10-06,503,false,,7,-1
2019-10-07,4508,false,,1,0
2019-10-08,4203,true,Yom Kippur Eve,2,2
2019-10-09,4374,true,Yom Kippur,3,2
2019-10-10,4197,false,,4,0
2019-10-11,3460,false,,5,0
2019-10-12,1184,true,Day of Respect for Cultural Diversity,6,2
2019-10-13,444,false,,7,-1
2019-10-14,3041,true,Tourist Bridge Holiday,1,1
2019-10-15,4707,false,,2,0
2019-10-16,4283,false,,3,0
2019-10-17,4518,false,,4,0
2019-10-18,3266,false,,5,0
2019-10-19,1382,false,,6,-1
2019-10-20,429,true,Mothers' Day,7,2
2019-10-21,5073,false,,1,0
2019-10-22,4206,false,,2,0
2019-10-23,4063,false,,3,0
2019-10-24,4300,false,,4,0
2019-10-25,3849,false,,5,0
2019-10-26,1397,false,,6,-1
2019-10-27,458,false,,7,-1
2019-10-28,4675,false,,1,0
2019-10-29,4140,false,,2,0
2019-10-30,3973,false,,3,0
2019-10-31,4479,false,,4,0
2019-11-01,3819,false,,5,0
2019-11-02,1209,false,,6,-1
2019-11-03,403,false,,7,-1
2019-11-04,5279,false,,1,0
2019-11-05,4922,false,,2,0
2019-11-06,5027,false,,3,0
2019-11-07,4351,false,,4,0
2019-11-08,4540,false,,5,0
2019-11-09,1414,false,,6,-1
2019-11-10,370,false,,7,-1
2019-11-11,4625,false,,1,0
2019-11-12,4706,false,,2,0
2019-11-13,4518,false,,3,0
2019-11-14,4551,false,,4,0
2019-11-15,4691,false,,5,0
2019-11-16,1794,false,,6,-1
2019-11-17,610,false,,7,-1
2019-11-18,1205,true,National Sovereignty Day,1,1
2019-11-19,4287,false,,2,0
2019-11-20,4391,false,,3,0
2019-11-21,4018,false,,4,0
2019-11-22,3765,false,,5,0
2019-11-23,1723,false,,6,-1
2019-11-24,256,false,,7,-1
2019-11-25,4329,false,,1,0
2019-11-26,4918,false,,2,0
2019-11-27,9283,false,,3,0
2019-11-28,4047,false,,4,0
2019-11-29,4431,false,,5,0
2019-11-30,1405,false,,6,-1
2019-12-01,400,false,,7,-1
2019-12-02,5047,false,,1,0
2019-12-03,4491,false,,2,0
2019-12-04,4440,false,,3,0
2019-12-05,4399,false,,4,0
2019-12-06,4613,false,,5,0
2019-12-07,2031,false,,6,-1
2019-12-08,384,true,Immaculate Conception,7,2
2019-12-09,4943,false,,1,0
2019-12-10,4848,false,,2,0
2019-12-11,4465,false,,3,0
2019-12-12,4566,false,,4,0
2019-12-13,3992,false,,5,0
2019-12-14,1750,false,,6,-1
2019-12-15,511,false,,7,-1
2019-12-16,5240,false,,1,0
2019-12-17,5104,false,,2,0
2019-12-18,4678,false,,3,0
2019-12-19,4423,false,,4,0
2019-12-20,4893,false,,5,0
2019-12-21,1602,false,,6,-1
2019-12-22,328,false,,7,-1
2019-12-23,5906,false,,1,0
2019-12-24,1553,false,,2,0
2019-12-25,231,true,Christmas Day,3,1
2019-12-26,4231,false,,4,0
2019-12-27,4504,false,,5,0
2019-12-28,1715,false,,6,-1
2019-12-29,334,false,,7,-1
2019-12-30,4097,false,,1,0
2019-12-31,1460,true,New Year's Eve,2,1
2020-01-01,232,true,New Year's Day,3,1
2020-01-02,4247,false,,4,0
2020-01-03,4330,false,,5,0
2020-01-04,1818,false,,6,-1
2020-01-05,334,false,,7,-1
2020-01-06,4548,false,,1,0
2020-01-07,4459,false,,2,0
2020-01-08,4366,false,,3,0
2020-01-09,4366,false,,4,0
2020-01-10,3940,false,,5,0
2020-01-11,1740,false,,6,-1
2020-01-12,333,false,,7,-1
2020-01-13,4698,false,,1,0
2020-01-14,4216,false,,2,0
2020-01-15,4444,false,,3,0
2020-01-16,4744,false,,4,0
2020-01-17,4058,false,,5,0
2020-01-18,1556,false,,6,-1
2020-01-19,301,false,,7,-1
2020-01-20,4447,false,,1,0
2020-01-21,4757,false,,2,0
2020-01-22,4542,false,,3,0
2020-01-23,3951,false,,4,0
2020-01-24,4117,false,,5,0
2020-01-25,1775,false,,6,-1
2020-01-26,334,false,,7,-1
2020-01-27,5035,false,,1,0
2020-01-28,4759,false,,2,0
2020-01-29,4982,false,,3,0
2020-01-30,4949,false,,4,0
2020-01-31,4718,false,,5,0
2020-02-01,1310,false,,6,-1
2020-02-02,373,false,,7,-1
2020-02-03,4441,false,,1,0
2020-02-04,4483,false,,2,0
2020-02-05,4803,false,,3,0
2020-02-06,4742,false,,4,0
2020-02-07,4388,false,,5,0
2020-02-08,1771,false,,6,-1
2020-02-09,449,false,,7,-1
2020-02-10,5018,false,,1,0
2020-02-11,4999,false,,2,0
2020-02-12,4958,false,,3,0
2020-02-13,4704,false,,4,0
2020-02-14,4792,false,,5,0
2020-02-15,1771,false,,6,-1
2020-02-16,391,false,,7,-1
2020-02-17,4872,false,,1,0
2020-02-18,4865,false,,2,0
2020-02-19,4653,false,,3,0
2020-02-20,4239,false,,4,0
2020-02-21,3951,false,,5,0
2020-02-22,1455,false,,6,-1
2020-02-23,311,false,,7,-1
2020-02-24,1180,true,Carnival / Shrove Monday,1,2
2020-02-25,1376,true,Carnival / Shrove Tuesday / Pancake Day,2,2
2020-02-26,4681,false,,3,0
2020-02-27,4279,false,,4,0
2020-02-28,4205,false,,5,0
2020-02-29,2008,false,,6,-1
2020-03-01,548,false,,7,-1
2020-03-02,5495,false,,1,0
2020-03-03,5352,false,,2,0
2020-03-04,5116,false,,3,0
2020-03-05,5001,false,,4,0
2020-03-06,4476,false,,5,0
2020-03-07,1718,false,,6,-1
2020-03-08,466,false,,7,-1
2020-03-09,4936,false,,1,0
2020-03-10,4719,false,,2,0
2020-03-11,4810,false,,3,0
2020-03-12,4861,false,,4,0
2020-03-13,4408,false,,5,0
2020-03-14,1831,false,,6,-1
2020-03-15,409,false,,7,-1
2020-03-16,4429,false,,1,0
2020-03-17,4036,false,,2,0
2020-03-18,4140,false,,3,0
2020-03-19,2591,false,,4,0
2020-03-20,991,false,,5,0
2020-03-21,468,false,,6,-1
2020-03-22,102,false,,7,-1
2020-03-23,334,true,Tourist Bridge Holiday,1,1
2020-03-24,312,true,Memorial Day,2,1
2020-03-25,1597,false,,3,0
2020-03-26,1843,false,,4,0
2020-03-27,2182,false,,5,0
2020-03-28,858,false,,6,-1
2020-03-29,197,false,,7,-1
2020-03-30,2348,true,Bridge Public Holiday,1,1
2020-03-31,889,true,Holiday for Day of the Veterans,2,2
2020-04-01,2391,false,,3,0
2020-04-02,2718,true,Day of the Veterans,4,1
2020-04-03,2414,false,,5,0
2020-04-04,1114,false,,6,-1
2020-04-05,359,false,,7,-1
2020-04-06,2978,false,,1,0
2020-04-07,2949,false,,2,0
2020-04-08,3046,true,Passover Eve,3,2
2020-04-09,2876,true,Maundy Thursday,4,2
2020-04-09,2876,true,First day of Passover,4,2
2020-04-10,1321,true,Good Friday,5,2
2020-04-10,1321,true,Second Day of Passover,5,2
2020-04-11,1421,false,,6,-1
2020-04-12,425,true,Easter Sunday,7,2
2020-04-13,3777,false,,1,0
2020-04-14,3557,true,Sixth Day of Passover,2,2
2020-04-15,3536,true,Seventh Day of Passover,3,2
2020-04-16,3736,true,Last day of Passover,4,2
2020-04-17,3907,false,,5,0
2020-04-18,1894,false,,6,-1
2020-04-19,744,false,,7,-1
2020-04-20,4443,false,,1,0
2020-04-21,4289,false,,2,0
2020-04-22,4470,false,,3,0
2020-04-23,4753,false,,4,0
2020-04-24,4675,true,Action Day for Tolerance and Respect between People,5,2
2020-04-25,2680,false,,6,-1
2020-04-26,1026,false,,7,-1
2020-04-27,5376,false,,1,0
2020-04-28,5079,false,,2,0
2020-04-29,4796,false,,3,0
2020-04-30,5328,false,,4,0
2020-05-01,1304,true,Labor Day / May Day,5,2
2020-05-02,2946,false,,6,-1
2020-05-03,854,false,,7,-1
2020-05-04,5361,false,,1,0
2020-05-05,5021,false,,2,0
2020-05-06,5193,false,,3,0
2020-05-07,5644,false,,4,0
2020-05-08,5312,false,,5,0
2020-05-09,2924,false,,6,-1
2020-05-10,979,false,,7,-1
2020-05-11,5703,false,,1,0
2020-05-12,6480,false,,2,0
2020-05-13,5658,false,,3,0
2020-05-14,5773,false,,4,0
2020-05-15,8373,false,,5,0
2020-05-16,2729,false,,6,-1
2020-05-17,1200,false,,7,-1
2020-05-18,5889,false,,1,0
2020-05-19,6220,false,,2,0
2020-05-20,5317,false,,3,0
2020-05-21,5336,false,,4,0
2020-05-22,5272,false,,5,0
2020-05-23,2318,false,,6,-1
2020-05-24,835,true,End of Ramadan,7,2
2020-05-25,1735,true,National Day/May 1810 Revolution,1,2
2020-05-26,5243,false,,2,0
2020-05-27,4640,false,,3,0
2020-05-28,5287,false,,4,0
2020-05-29,4788,false,,5,0
2020-05-30,2239,false,,6,-1
2020-05-31,904,false,,7,-1
2020-06-01,5159,false,,1,0
2020-06-02,4718,false,,2,0
2020-06-03,5308,false,,3,0
2020-06-04,5542,false,,4,0
2020-06-05,5535,false,,5,0
2020-06-06,1706,false,,6,-1
2020-06-07,536,false,,7,-1
2020-06-08,4858,false,,1,0
2020-06-09,4914,false,,2,0
2020-06-10,4822,false,,3,0
2020-06-11,5200,false,,4,0
2020-06-12,4820,false,,5,0
2020-06-13,2172,false,,6,-1
2020-06-14,590,false,,7,-1
2020-06-15,1490,true,Commemoration of General Don Martín Miguel de Güemes,1,1
2020-06-16,4458,false,,2,0
2020-06-17,4153,false,,3,0
2020-06-18,4941,false,,4,0
2020-06-19,4035,false,,5,0
2020-06-20,1018,true,Flag Day,6,1
2020-06-21,435,false,,7,-1
2020-06-22,4383,false,,1,0
2020-06-23,4337,false,,2,0
2020-06-24,4340,false,,3,0
2020-06-25,4810,false,,4,0
2020-06-26,4329,false,,5,0
2020-06-27,2097,false,,6,-1
2020-06-28,804,false,,7,-1
2020-06-29,4827,false,,1,0
2020-06-30,4400,false,,2,0
2020-07-01,4375,false,,3,0
2020-07-02,4479,false,,4,0
2020-07-03,4421,false,,5,0
2020-07-04,1783,false,,6,-1
2020-07-05,821,false,,7,-1
2020-07-06,5036,false,,1,0
2020-07-07,4485,false,,2,0
2020-07-08,4506,false,,3,0
2020-07-09,1771,true,Independence day,4,1
2020-07-10,1952,true,Tourist Bridge Holiday,5,1
2020-07-11,1729,false,,6,-1
2020-07-12,597,false,,7,-1
2020-07-13,4827,false,,1,0
2020-07-14,4463,false,,2,0
2020-07-15,4685,false,,3,0
2020-07-16,4502,false,,4,0
2020-07-17,4518,false,,5,0
2020-07-18,2214,false,,6,-1
2020-07-19,796,false,,7,-1
2020-07-20,4139,false,,1,0
2020-07-21,4007,false,,2,0
2020-07-22,3897,false,,3,0
2020-07-23,4262,false,,4,0
2020-07-24,3717,false,,5,0
2020-07-25,1780,false,,6,-1
2020-07-26,453,false,,7,-1
2020-07-27,5639,false,,1,0
2020-07-28,5158,false,,2,0
2020-07-29,4874,false,,3,0
2020-07-30,4549,false,,4,0
2020-07-31,4436,true,Eid al-Adha,5,2
2020-08-01,1709,false,,6,-1
2020-08-02,676,false,,7,-1
2020-08-03,4844,false,,1,0
2020-08-04,5116,false,,2,0
2020-08-05,5033,false,,3,0
2020-08-06,4808,false,,4,0
2020-08-07,4678,false,,5,0
2020-08-08,2598,false,,6,-1
2020-08-09,853,false,,7,-1
2020-08-10,4964,false,,1,0
2020-08-11,4784,false,,2,0
2020-08-12,4502,false,,3,0
2020-08-13,4472,false,,4,0
2020-08-14,4688,false,,5,0
2020-08-15,2407,false,,6,-1
2020-08-16,815,false,,7,-1
2020-08-17,1792,true,San Martín Day,1,2
2020-08-18,4483,false,,2,0
2020-08-19,4290,false,,3,0
2020-08-20,4297,true,Muharram/New Year,4,2
2020-08-21,4073,false,,5,0
2020-08-22,2286,false,,6,-1
2020-08-23,640,false,,7,-1
2020-08-24,4469,false,,1,0
2020-08-25,4242,false,,2,0
2020-08-26,4006,false,,3,0
2020-08-27,4359,false,,4,0
2020-08-28,4430,false,,5,0
2020-08-29,2075,false,,6,-1
2020-08-30,574,false,,7,-1
2020-08-31,3485,false,,1,0
2020-09-01,3804,false,,2,0
2020-09-02,3365,false,,3,0
2020-09-03,3321,false,,4,0
2020-09-04,3245,false,,5,0
2020-09-05,1424,false,,6,-1
2020-09-06,346,false,,7,-1
2020-09-07,3513,false,,1,0
2020-09-08,3703,false,,2,0
2020-09-09,3610,false,,3,0
2020-09-10,3508,false,,4,0
2020-09-11,3361,false,,5,0
2020-09-12,1373,false,,6,-1
2020-09-13,459,false,,7,-1
2020-09-14,3503,false,,1,0
2020-09-15,3381,false,,2,0
2020-09-16,3667,false,,3,0
2020-09-17,3578,false,,4,0
2020-09-18,3313,true,Rosh Hashana Eve,5,2
2020-09-19,1545,true,Rosh Hashana,6,2
2020-09-20,449,true,Second Day of Rosh Hashana,7,2
2020-09-21,3365,false,,1,0
2020-09-22,3418,false,,2,0
2020-09-23,3843,false,,3,0
2020-09-24,3851,false,,4,0
2020-09-25,3900,false,,5,0
2020-09-26,1668,false,,6,-1
2020-09-27,628,true,Yom Kippur Eve,7,2
2020-09-28,3381,true,Yom Kippur,1,2
2020-09-29,3747,false,,2,0
2020-09-30,3548,false,,3,0
2020-10-01,3531,false,,4,0
2020-10-02,4094,false,,5,0
2020-10-03,2140,false,,6,-1
2020-10-04,846,false,,7,-1
2020-10-05,4536,false,,1,0
2020-10-06,4583,false,,2,0
2020-10-07,4839,false,,3,0
2020-10-08,4762,false,,4,0
2020-10-09,4184,false,,5,0
2020-10-10,2071,false,,6,-1
2020-10-11,764,false,,7,-1
2020-10-12,1689,true,Day of Respect for Cultural Diversity,1,2
2020-10-13,3711,false,,2,0
2020-10-14,3884,false,,3,0
2020-10-15,4641,false,,4,0
2020-10-16,4078,false,,5,0
2020-10-17,1876,false,,6,-1
2020-10-18,510,true,Mothers' Day,7,2
2020-10-19,3840,false,,1,0
2020-10-20,3652,false,,2,0
2020-10-21,3709,false,,3,0
2020-10-22,3625,false,,4,0
2020-10-23,3942,false,,5,0
2020-10-24,1700,false,,6,-1
2020-10-25,466,false,,7,-1
2020-10-26,3656,false,,1,0
2020-10-27,3378,false,,2,0
2020-10-28,3266,false,,3,0
2020-10-29,3368,false,,4,0
2020-10-30,2977,false,,5,0
2020-10-31,1449,false,,6,-1
2020-11-01,322,false,,7,-1
2020-11-02,3719,false,,1,0
2020-11-03,3723,false,,2,0
2020-11-04,3572,false,,3,0
2020-11-05,3662,false,,4,0
2020-11-06,3174,false,,5,0
2020-11-07,1547,false,,6,-1
2020-11-08,401,false,,7,-1
2020-11-09,3381,false,,1,0
2020-11-10,3601,false,,2,0
2020-11-11,3486,false,,3,0
2020-11-12,3387,false,,4,0
2020-11-13,3341,false,,5,0
2020-11-14,1472,false,,6,-1
2020-11-15,458,false,,7,-1
2020-11-16,3053,false,,1,0
2020-11-17,3052,false,,2,0
2020-11-18,2773,false,,3,0
2020-11-19,3047,false,,4,0
2020-11-20,2865,false,,5,0
2020-11-21,1602,false,,6,-1
2020-11-22,616,false,,7,-1
2020-11-23,1342,true,National Sovereignty Day,1,1
2020-11-24,3576,false,,2,0
2020-11-25,3516,false,,3,0
2020-11-26,3709,false,,4,0
2020-11-27,3701,false,,5,0
2020-11-28,1911,false,,6,-1
2020-11-29,853,false,,7,-1
2020-11-30,3649,false,,1,0
2020-12-01,3567,false,,2,0
2020-12-02,3512,false,,3,0
2020-12-03,3454,false,,4,0
2020-12-04,3627,false,,5,0
2020-12-05,1808,false,,6,-1
2020-12-06,699,false,,7,-1
2020-12-07,1469,true,Tourist Bridge Holiday,1,1
2020-12-08,1513,true,Immaculate Conception,2,2
2020-12-09,3628,false,,3,0
2020-12-10,3585,false,,4,0
2020-12-11,3694,false,,5,0
2020-12-12,1620,false,,6,-1
2020-12-13,787,false,,7,-1
2020-12-14,3743,false,,1,0
2020-12-15,3957,false,,2,0
2020-12-16,3670,false,,3,0
2020-12-17,3675,false,,4,0
2020-12-18,3346,false,,5,0
2020-12-19,1639,false,,6,-1
2020-12-20,615,false,,7,-1
2020-12-21,3470,false,,1,0
2020-12-22,3092,false,,2,0
2020-12-23,2907,false,,3,0
2020-12-24,1642,false,,4,0
2020-12-25,315,true,Christmas Day,5,1
2020-12-26,1450,false,,6,-1
2020-12-27,447,false,,7,-1
2020-12-28,3550,false,,1,0
2020-12-29,3330,false,,2,0
2020-12-30,3012,false,,3,0
2020-12-31,1553,true,New Year's Eve,4,1
2021-01-01,230,true,New Year's Day,5,1
2021-01-02,1031,false,,6,-1
2021-01-03,348,false,,7,-1
2021-01-04,3173,false,,1,0
2021-01-05,3034,false,,2,0
2021-01-06,3395,false,,3,0
2021-01-07,3540,false,,4,0
2021-01-08,3372,false,,5,0
2021-01-09,1808,false,,6,-1
2021-01-10,528,false,,7,-1
2021-01-11,3755,false,,1,0
2021-01-12,3945,false,,2,0
2021-01-13,4026,false,,3,0
2021-01-14,3729,false,,4,0
2021-01-15,3454,false,,5,0
2021-01-16,1449,false,,6,-1
2021-01-17,474,false,,7,-1
2021-01-18,3765,false,,1,0
2021-01-19,3881,false,,2,0
2021-01-20,3694,false,,3,0
2021-01-21,3449,false,,4,0
2021-01-22,3691,false,,5,0
2021-01-23,1791,false,,6,-1
2021-01-24,430,false,,7,-1
2021-01-25,3331,false,,1,0
2021-01-26,3423,false,,2,0
2021-01-27,3366,false,,3,0
2021-01-28,3443,false,,4,0
2021-01-29,3170,false,,5,0
2021-01-30,1456,false,,6,-1
2021-01-31,499,false,,7,-1
2021-02-01,3869,false,,1,0
2021-02-02,4130,false,,2,0
2021-02-03,4160,false,,3,0
2021-02-04,4038,false,,4,0
2021-02-05,3803,false,,5,0
2021-02-06,1810,false,,6,-1
2021-02-07,470,false,,7,-1
2021-02-08,4101,false,,1,0
2021-02-09,4617,false,,2,0
2021-02-10,3964,false,,3,0
2021-02-11,3469,false,,4,0
2021-02-12,3594,false,,5,0
2021-02-13,1349,false,,6,-1
2021-02-14,435,false,,7,-1
2021-02-15,1142,true,Carnival / Shrove Monday,1,2
2021-02-16,1280,true,Carnival / Shrove Tuesday / Pancake Day,2,2
2021-02-17,3412,false,,3,0
2021-02-18,3344,false,,4,0
2021-02-19,3631,false,,5,0
2021-02-20,1742,false,,6,-1
2021-02-21,536,false,,7,-1
2021-02-22,3487,false,,1,0
2021-02-23,3895,false,,2,0
2021-02-24,3424,false,,3,0
2021-02-25,3552,false,,4,0
2021-02-26,3301,false,,5,0
2021-02-27,1449,false,,6,-1
2021-02-28,513,false,,7,-1
2021-03-01,3482,false,,1,0
2021-03-02,3685,false,,2,0
2021-03-03,3920,false,,3,0
2021-03-04,3684,false,,4,0
2021-03-05,3431,false,,5,0
2021-03-06,1472,false,,6,-1
2021-03-07,361,false,,7,-1
2021-03-08,4268,false,,1,0
2021-03-09,4152,false,,2,0
2021-03-10,4091,false,,3,0
2021-03-11,4728,false,,4,0
2021-03-12,4230,false,,5,0
2021-03-13,1633,false,,6,-1
2021-03-14,505,false,,7,-1
2021-03-15,4026,false,,1,0
2021-03-16,4517,false,,2,0
2021-03-17,4445,false,,3,0
2021-03-18,4224,false,,4,0
2021-03-19,4117,false,,5,0
2021-03-20,1647,false,,6,-1
2021-03-21,476,false,,7,-1
2021-03-22,3774,false,,1,0
2021-03-23,3809,false,,2,0
2021-03-24,1581,true,Memorial Day,3,1
2021-03-25,3739,false,,4,0
2021-03-26,3479,false,,5,0
2021-03-27,1421,true,Passover Eve,6,2
2021-03-28,420,true,First day of Passover,7,2
2021-03-29,3535,true,Second Day of Passover,1,2
2021-03-30,3447,false,,2,0
2021-03-31,3283,false,,3,0
2021-04-01,2869,true,Maundy Thursday,4,2
2021-04-02,889,true,Good Friday,5,2
2021-04-02,889,true,Day of the Veterans,5,1
2021-04-02,889,true,Sixth Day of Passover,5,2
2021-04-03,1223,true,Seventh Day of Passover,6,2
2021-04-04,438,true,Easter Sunday,7,2
2021-04-04,438,true,Last day of Passover,7,2
2021-04-05,3709,false,,1,0
2021-04-06,3804,false,,2,0
2021-04-07,4051,false,,3,0
2021-04-08,4107,false,,4,0
2021-04-09,3646,false,,5,0
2021-04-10,1710,false,,6,-1
2021-04-11,518,false,,7,-1
2021-04-12,3828,false,,1,0
2021-04-13,3746,false,,2,0
2021-04-14,5195,false,,3,0
2021-04-15,4646,false,,4,0
2021-04-16,4835,false,,5,0
2021-04-17,2358,false,,6,-1
2021-04-18,674,false,,7,-1
2021-04-19,4224,false,,1,0
2021-04-20,4311,false,,2,0
2021-04-21,3971,false,,3,0
2021-04-22,3721,false,,4,0
2021-04-23,3512,false,,5,0
2021-04-24,1407,true,Action Day for Tolerance and Respect between People,6,2
2021-04-25,501,false,,7,-1
2021-04-26,3581,false,,1,0
2021-04-27,3580,false,,2,0
2021-04-28,3457,false,,3,0
2021-04-29,3310,false,,4,0
2021-04-30,3350,false,,5,0
2021-05-01,653,true,Labor Day / May Day,6,2
2021-05-02,442,false,,7,-1
2021-05-03,3106,false,,1,0
2021-05-04,3819,false,,2,0
2021-05-05,3105,false,,3,0
2021-05-06,3123,false,,4,0
2021-05-07,2912,false,,5,0
2021-05-08,1419,false,,6,-1
2021-05-09,421,false,,7,-1
2021-05-10,3780,false,,1,0
2021-05-11,3744,false,,2,0
2021-05-12,4372,false,,3,0
2021-05-13,3847,true,End of Ramadan,4,2
2021-05-14,3758,false,,5,0
2021-05-15,1777,false,,6,-1
2021-05-16,567,false,,7,-1
2021-05-17,3652,false,,1,0
2021-05-18,4404,false,,2,0
2021-05-19,3227,false,,3,0
2021-05-20,3252,false,,4,0
2021-05-21,2904,false,,5,0
2021-05-22,1331,false,,6,-1
2021-05-23,420,false,,7,-1
2021-05-24,1300,true,Tourist Bridge Holiday,1,1
2021-05-25,1060,true,National Day/May 1810 Revolution,2,2
2021-05-26,3314,false,,3,0
2021-05-27,3383,false,,4,0
2021-05-28,3235,false,,5,0
2021-05-29,1484,false,,6,-1
2021-05-30,516,false,,7,-1
2021-05-31,3690,false,,1,0
2021-06-01,3343,false,,2,0
2021-06-02,3346,false,,3,0
2021-06-03,4296,false,,4,0
2021-06-04,3766,false,,5,0
2021-06-05,2129,false,,6,-1
2021-06-06,886,false,,7,-1
2021-06-07,4125,false,,1,0
2021-06-08,4164,false,,2,0
2021-06-09,4515,false,,3,0
2021-06-10,4088,false,,4,0
2021-06-11,3806,false,,5,0
2021-06-12,1775,false,,6,-1
2021-06-13,832,false,,7,-1
2021-06-14,4312,false,,1,0
2021-06-15,4948,false,,2,0
2021-06-16,4910,false,,3,0
2021-06-17,5032,true,Commemoration of General Don Martín Miguel de Güemes,4,1
2021-06-18,4443,false,,5,0
2021-06-19,1616,false,,6,-1
2021-06-20,593,true,Flag Day,7,1
2021-06-21,1364,true,Day off for the Commemoration of General Don Martín Miguel de Güemes,1,2
2021-06-22,3619,false,,2,0
2021-06-23,3395,false,,3,0
2021-06-24,3532,false,,4,0
2021-06-25,3487,false,,5,0
2021-06-26,1612,false,,6,-1
2021-06-27,639,false,,7,-1
2021-06-28,3452,false,,1,0
2021-06-29,3530,false,,2,0
2021-06-30,3511,false,,3,0
2021-07-01,3905,false,,4,0
2021-07-02,3552,false,,5,0
2021-07-03,1470,false,,6,-1
2021-07-04,751,false,,7,-1
2021-07-05,3724,false,,1,0
2021-07-06,4424,false,,2,0
2021-07-07,4449,false,,3,0
2021-07-08,4586,false,,4,0
2021-07-09,1699,true,Independence day,5,1
2021-07-10,1698,false,,6,-1
2021-07-11,582,false,,7,-1
2021-07-12,4625,false,,1,0
2021-07-13,4644,false,,2,0
2021-07-14,4260,false,,3,0
2021-07-15,5058,false,,4,0
2021-07-16,5120,false,,5,0
2021-07-17,1682,false,,6,-1
2021-07-18,672,false,,7,-1
2021-07-19,4838,false,,1,0
2021-07-20,3533,true,Eid al-Adha,2,2
2021-07-21,3662,false,,3,0
2021-07-22,4201,false,,4,0
2021-07-23,4001,false,,5,0
2021-07-24,1481,false,,6,-1
2021-07-25,628,false,,7,-1
2021-07-26,4437,false,,1,0
2021-07-27,4436,false,,2,0
2021-07-28,4349,false,,3,0
2021-07-29,4157,false,,4,0
2021-07-30,4073,false,,5,0
2021-07-31,1524,false,,6,-1
2021-08-01,668,false,,7,-1
2021-08-02,4679,false,,1,0
2021-08-03,4678,false,,2,0
2021-08-04,4437,false,,3,0
2021-08-05,4533,false,,4,0
2021-08-06,4341,false,,5,0
2021-08-07,1652,false,,6,-1
2021-08-08,723,false,,7,-1
2021-08-09,4827,false,,1,0
2021-08-10,4774,true,Muharram/New Year,2,2
2021-08-11,4661,false,,3,0
2021-08-12,4363,false,,4,0
2021-08-13,4459,false,,5,0
2021-08-14,1613,false,,6,-1
2021-08-15,524,false,,7,-1
2021-08-16,1727,true,San Martín Day,1,2
2021-08-17,4479,false,,2,0
2021-08-18,4821,false,,3,0
2021-08-19,4663,false,,4,0
2021-08-20,5330,false,,5,0
2021-08-21,1774,false,,6,-1
2021-08-22,581,false,,7,-1
2021-08-23,4526,false,,1,0
2021-08-24,4605,false,,2,0
2021-08-25,4605,false,,3,0
2021-08-26,4569,false,,4,0
2021-08-27,3978,false,,5,0
2021-08-28,1599,false,,6,-1
2021-08-29,557,false,,7,-1
2021-08-30,4328,false,,1,0
2021-08-31,4255,false,,2,0
2021-09-01,4818,false,,3,0
2021-09-02,4571,false,,4,0
2021-09-03,4362,false,,5,0
2021-09-04,1772,false,,6,-1
2021-09-05,609,false,,7,-1
2021-09-06,4829,true,Rosh Hashana Eve,1,2
2021-09-07,5116,true,Rosh Hashana,2,2
2021-09-08,5195,true,Second Day of Rosh Hashana,3,2
2021-09-09,4839,false,,4,0
2021-09-10,4705,false,,5,0
2021-09-11,1767,false,,6,-1
2021-09-12,608,false,,7,-1
2021-09-13,5069,false,,1,0
2021-09-14,4827,false,,2,0
2021-09-15,4976,true,Yom Kippur Eve,3,2
2021-09-16,4903,true,Yom Kippur,4,2
2021-09-17,4820,false,,5,0
2021-09-18,1824,false,,6,-1
2021-09-19,680,false,,7,-1
2021-09-20,4837,false,,1,0
2021-09-21,4757,false,,2,0
2021-09-22,4946,false,,3,0
2021-09-23,4706,false,,4,0
2021-09-24,4341,false,,5,0
2021-09-25,1691,false,,6,-1
2021-09-26,552,false,,7,-1
2021-09-27,4160,false,,1,0
2021-09-28,4798,false,,2,0
2021-09-29,4669,false,,3,0
2021-09-30,4943,false,,4,0
2021-10-01,4457,false,,5,0
2021-10-02,1710,false,,6,-1
2021-10-03,643,false,,7,-1
2021-10-04,5054,false,,1,0
2021-10-05,5105,false,,2,0
2021-10-06,4988,false,,3,0
2021-10-07,4469,false,,4,0
2021-10-08,2363,true,Tourist Bridge Holiday,5,1
2021-10-09,1908,false,,6,-1
2021-10-10,681,false,,7,-1
2021-10-11,1769,true,Day of Respect for Cultural Diversity,1,2
2021-10-12,5339,false,,2,0
2021-10-13,5364,false,,3,0
2021-10-14,5566,false,,4,0
2021-10-15,5026,false,,5,0
2021-10-16,1957,false,,6,-1
2021-10-17,729,true,Mothers' Day,7,2
2021-10-18,5964,false,,1,0
2021-10-19,5003,false,,2,0
2021-10-20,5489,false,,3,0
2021-10-21,4871,false,,4,0
2021-10-22,5012,false,,5,0
2021-10-23,1824,false,,6,-1
2021-10-24,644,false,,7,-1
2021-10-25,4988,false,,1,0
2021-10-26,5537,false,,2,0
2021-10-27,4488,false,,3,0
2021-10-28,4836,false,,4,0
2021-10-29,4334,false,,5,0
2021-10-30,1322,false,,6,-1
2021-10-31,540,false,,7,-1
2021-11-01,6125,false,,1,0
2021-11-02,5481,false,,2,0
2021-11-03,6986,false,,3,0
2021-11-04,5866,false,,4,0
2021-11-05,5225,false,,5,0
2021-11-06,2164,false,,6,-1
2021-11-07,714,false,,7,-1
2021-11-08,6165,false,,1,0
2021-11-09,5354,false,,2,0
2021-11-10,5012,false,,3,0
2021-11-11,4750,false,,4,0
2021-11-12,5579,false,,5,0
2021-11-13,2495,false,,6,-1
2021-11-14,689,false,,7,-1
2021-11-15,5058,false,,1,0
2021-11-16,6163,false,,2,0
2021-11-17,5917,false,,3,0
2021-11-18,5105,false,,4,0
2021-11-19,5191,false,,5,0
2021-11-20,1633,true,National Sovereignty Day,6,1
2021-11-21,477,false,,7,-1
2021-11-22,1875,true,Tourist Bridge Holiday,1,1
2021-11-23,5193,false,,2,0
2021-11-24,5113,false,,3,0
2021-11-25,4806,false,,4,0
2021-11-26,4489,false,,5,0
2021-11-27,2027,false,,6,-1
2021-11-28,673,false,,7,-1
2021-11-29,4821,false,,1,0
2021-11-30,5253,false,,2,0
2021-12-01,5171,false,,3,0
2021-12-02,4978,false,,4,0
2021-12-03,4745,false,,5,0
2021-12-04,2050,false,,6,-1
2021-12-05,689,false,,7,-1
2021-12-06,6408,false,,1,0
2021-12-07,6560,false,,2,0
2021-12-08,2429,true,Immaculate Conception,3,2
2021-12-09,5719,false,,4,0
2021-12-10,5243,false,,5,0
2021-12-11,2349,false,,6,-1
2021-12-12,840,false,,7,-1
2021-12-13,5312,false,,1,0
2021-12-14,5141,false,,2,0
2021-12-15,5074,false,,3,0
2021-12-16,4975,false,,4,0
2021-12-17,5090,false,,5,0
2021-12-18,2170,false,,6,-1
2021-12-19,576,false,,7,-1
2021-12-20,4623,false,,1,0
2021-12-21,4986,false,,2,0
2021-12-22,4915,false,,3,0
2021-12-23,3932,false,,4,0
2021-12-24,1985,false,,5,0
2021-12-25,424,true,Christmas Day,6,1
2021-12-26,689,false,,7,-1
2021-12-27,4636,false,,1,0
2021-12-28,4491,false,,2,0
2021-12-29,4239,false,,3,0
2021-12-30,3946,false,,4,0
2021-12-31,1888,true,New Year's Eve,5,1
2022-01-01,534,true,New Year's Day,6,1
2022-01-02,849,false,,7,-1
2022-01-03,5010,false,,1,0
2022-01-04,4882,false,,2,0
2022-01-05,4863,false,,3,0
2022-01-06,4644,false,,4,0
2022-01-07,4654,false,,5,0
2022-01-08,1932,false,,6,-1
2022-01-09,626,false,,7,-1
2022-01-10,5040,false,,1,0
2022-01-11,4498,false,,2,0
2022-01-12,4443,false,,3,0
2022-01-13,4324,true,Public Sector Half Day,4,2
2022-01-14,3826,true,Public Sector Half Day,5,2
2022-01-15,1771,false,,6,-1
2022-01-16,616,false,,7,-1
2022-01-17,4734,false,,1,0
2022-01-18,5062,false,,2,0
2022-01-19,5133,false,,3,0
2022-01-20,5093,false,,4,0
2022-01-21,4622,false,,5,0
2022-01-22,1984,false,,6,-1
2022-01-23,553,false,,7,-1
2022-01-24,4882,false,,1,0
2022-01-25,4625,false,,2,0
2022-01-26,5302,false,,3,0
2022-01-27,4748,false,,4,0
2022-01-28,4764,false,,5,0
2022-01-29,2018,false,,6,-1
2022-01-30,470,false,,7,-1
2022-01-31,5085,false,,1,0
2022-02-01,5099,false,,2,0
2022-02-02,4924,false,,3,0
2022-02-03,5075,false,,4,0
2022-02-04,5655,false,,5,0
2022-02-05,2552,false,,6,-1
2022-02-06,737,false,,7,-1
2022-02-07,5204,false,,1,0
2022-02-08,5409,false,,2,0
2022-02-09,5503,false,,3,0
2022-02-10,4915,false,,4,0
2022-02-11,5563,false,,5,0
2022-02-12,2536,false,,6,-1
2022-02-13,612,false,,7,-1
2022-02-14,4883,false,,1,0
2022-02-15,5476,false,,2,0
2022-02-16,5280,false,,3,0
2022-02-17,5101,false,,4,0
2022-02-18,5212,false,,5,0
2022-02-19,2306,false,,6,-1
2022-02-20,741,false,,7,-1
2022-02-21,5344,false,,1,0
2022-02-22,5525,false,,2,0
2022-02-23,5283,false,,3,0
2022-02-24,5211,false,,4,0
2022-02-25,5005,false,,5,0
2022-02-26,2139,false,,6,-1
2022-02-27,880,false,,7,-1
2022-02-28,1973,true,Carnival / Shrove Monday,1,2
2022-03-01,1680,true,Carnival / Shrove Tuesday / Pancake Day,2,2
2022-03-02,6041,false,,3,0
2022-03-03,5564,false,,4,0
2022-03-04,6050,false,,5,0
2022-03-05,3044,false,,6,-1
2022-03-06,998,false,,7,-1
2022-03-07,5887,false,,1,0
2022-03-08,6320,false,,2,0
2022-03-09,5184,false,,3,0
2022-03-10,5974,false,,4,0
2022-03-11,6346,false,,5,0
2022-03-12,3106,false,,6,-1
2022-03-13,931,false,,7,-1
2022-03-14,5984,false,,1,0
2022-03-15,5611,false,,2,0
2022-03-16,5698,false,,3,0
2022-03-17,5670,false,,4,0
2022-03-18,5113,false,,5,0
2022-03-19,2446,false,,6,-1
2022-03-20,715,false,,7,-1
2022-03-21,5679,false,,1,0
2022-03-22,5697,false,,2,0
2022-03-23,5164,false,,3,0
2022-03-24,2517,true,Memorial Day,4,1
2022-03-25,5872,false,,5,0
2022-03-26,2932,false,,6,-1
2022-03-27,826,false,,7,-1
2022-03-28,5548,false,,1,0
2022-03-29,5642,false,,2,0
2022-03-30,5371,false,,3,0
2022-03-31,5462,false,,4,0
2022-04-01,5385,false,,5,0
2022-04-02,2261,true,Day of the Veterans,6,1
2022-04-03,913,false,,7,-1
2022-04-04,6355,false,,1,0
2022-04-05,6604,false,,2,0
2022-04-06,6637,false,,3,0
2022-04-07,5984,false,,4,0
2022-04-08,5803,false,,5,0
2022-04-09,2449,false,,6,-1
2022-04-10,962,false,,7,-1
2022-04-11,5845,false,,1,0
2022-04-12,5484,false,,2,0
2022-04-13,5060,false,,3,0
2022-04-14,4288,true,Maundy Thursday,4,2
2022-04-15,1585,true,Good Friday,5,2
2022-04-15,1585,true,Passover Eve,5,2
2022-04-16,2109,true,First day of Passover,6,2
2022-04-17,705,true,Easter Sunday,7,2
2022-04-17,705,true,Second Day of Passover,7,2
2022-04-18,5630,false,,1,0
2022-04-19,5958,false,,2,0
2022-04-20,5701,false,,3,0
2022-04-21,5609,true,Sixth Day of Passover,4,2
2022-04-22,5644,true,Seventh Day of Passover,5,2
2022-04-23,2417,true,Last day of Passover,6,2
2022-04-24,760,true,Action Day for Tolerance and Respect between People,7,2
2022-04-25,5623,false,,1,0
2022-04-26,5718,false,,2,0
2022-04-27,5252,false,,3,0
2022-04-28,5127,false,,4,0
2022-04-29,5005,false,,5,0
2022-04-30,2163,false,,6,-1
2022-05-01,597,true,Labor Day / May Day,7,2
2022-05-02,5617,true,End of Ramadan,1,2
2022-05-03,6003,false,,2,0
2022-05-04,5787,false,,3,0
2022-05-05,6028,false,,4,0
2022-05-06,5455,false,,5,0
2022-05-07,2315,false,,6,-1
2022-05-08,623,false,,7,-1
2022-05-09,6083,false,,1,0
2022-05-10,6129,false,,2,0
2022-05-11,6129,false,,3,0
2022-05-12,5967,false,,4,0
2022-05-13,5486,false,,5,0
2022-05-14,2261,false,,6,-1
2022-05-15,884,false,,7,-1
2022-05-16,5717,false,,1,0
2022-05-17,5643,false,,2,0
2022-05-18,2136,true,Census Day,3,2
2022-05-19,5716,false,,4,0
2022-05-20,5629,false,,5,0
2022-05-21,2673,false,,6,-1
2022-05-22,922,false,,7,-1
2022-05-23,5797,false,,1,0
2022-05-24,5946,false,,2,0
2022-05-25,1795,true,National Day/May 1810 Revolution,3,2
2022-05-26,6077,false,,4,0
2022-05-27,5388,false,,5,0
2022-05-28,3106,false,,6,-1
2022-05-29,981,false,,7,-1
2022-05-30,9087,false,,1,0
2022-05-31,8360,false,,2,0
2022-06-01,8232,false,,3,0
2022-06-02,5931,false,,4,0
2022-06-03,6212,false,,5,0
2022-06-04,3065,false,,6,-1
2022-06-05,1143,false,,7,-1
2022-06-06,6155,false,,1,0
2022-06-07,6110,false,,2,0
2022-06-08,6664,false,,3,0
2022-06-09,6384,false,,4,0
2022-06-10,5651,false,,5,0
2022-06-11,2489,false,,6,-1
2022-06-12,901,false,,7,-1
2022-06-13,6033,false,,1,0
2022-06-14,6010,false,,2,0
2022-06-15,5671,false,,3,0
2022-06-16,5048,false,,4,0
2022-06-17,2322,true,Commemoration of General Don Martín Miguel de Güemes,5,1
2022-06-18,2247,false,,6,-1
2022-06-19,734,false,,7,-1
2022-06-20,2022,true,Flag Day,1,1
2022-06-21,5958,false,,2,0
2022-06-22,5626,false,,3,0
2022-06-23,5445,false,,4,0
2022-06-24,4828,false,,5,0
2022-06-25,2343,false,,6,-1
2022-06-26,527,false,,7,-1
2022-06-27,5237,false,,1,0
2022-06-28,5246,false,,2,0
2022-06-29,5236,false,,3,0
2022-06-30,4787,false,,4,0
2022-07-01,5292,false,,5,0
2022-07-02,2205,false,,6,-1
2022-07-03,970,false,,7,-1
2022-07-04,5807,false,,1,0
2022-07-05,5861,false,,2,0
2022-07-06,5925,false,,3,0
2022-07-07,6001,false,,4,0
2022-07-08,5292,false,,5,0
2022-07-09,1967,true,Independence day,6,1
2022-07-09,1967,true,Eid al-Adha,6,2
2022-07-10,1191,false,,7,-1
2022-07-11,6141,false,,1,0
2022-07-12,6093,false,,2,0
2022-07-13,6408,false,,3,0
2022-07-14,5465,false,,4,0
2022-07-15,6216,false,,5,0
2022-07-16,3231,false,,6,-1
2022-07-17,1343,false,,7,-1
2022-07-18,6444,false,,1,0
2022-07-19,5886,false,,2,0
2022-07-20,5482,false,,3,0
2022-07-21,5553,false,,4,0
2022-07-22,5619,false,,5,0
2022-07-23,2528,false,,6,-1
2022-07-24,1141,false,,7,-1
2022-07-25,6339,false,,1,0
2022-07-26,6347,false,,2,0
2022-07-27,6355,false,,3,0
2022-07-28,6220,false,,4,0
2022-07-29,6252,false,,5,0
2022-07-30,3086,true,Muharram/New Year,6,2
2022-07-31,1625,false,,7,-1
2022-08-01,6606,false,,1,0
2022-08-02,6866,false,,2,0
2022-08-03,6803,false,,3,0
2022-08-04,7140,false,,4,0
2022-08-05,6498,false,,5,0
2022-08-06,3396,false,,6,-1
2022-08-07,1243,false,,7,-1
2022-08-08,7089,false,,1,0
2022-08-09,7146,false,,2,0
2022-08-10,6899,false,,3,0
2022-08-11,6332,false,,4,0
2022-08-12,5817,false,,5,0
2022-08-13,2338,false,,6,-1
2022-08-14,703,false,,7,-1
2022-08-15,2073,true,San Martín Day,1,2
2022-08-16,5825,false,,2,0
2022-08-17,5510,false,,3,0
2022-08-18,5561,false,,4,0
2022-08-19,4714,false,,5,0
2022-08-20,2366,false,,6,-1
2022-08-21,488,false,,7,-1
2022-08-22,5221,false,,1,0
2022-08-23,5226,false,,2,0
2022-08-24,4985,false,,3,0
2022-08-25,5038,false,,4,0
2022-08-26,4931,false,,5,0
2022-08-27,2359,false,,6,-1
2022-08-28,771,false,,7,-1
2022-08-29,5375,false,,1,0
2022-08-30,5546,false,,2,0
2022-08-31,4636,false,,3,0
2022-09-01,5931,false,,4,0
2022-09-02,3845,true,Public Holiday,5,2
2022-09-03,2240,false,,6,-1
2022-09-04,715,false,,7,-1
2022-09-05,6289,false,,1,0
2022-09-06,6070,false,,2,0
2022-09-07,6441,false,,3,0
2022-09-08,5967,false,,4,0
2022-09-09,5606,false,,5,0
2022-09-10,2516,false,,6,-1
2022-09-11,847,false,,7,-1
2022-09-12,5907,false,,1,0
2022-09-13,5972,false,,2,0
2022-09-14,5961,false,,3,0
2022-09-15,5903,false,,4,0
2022-09-16,5686,false,,5,0
2022-09-17,2585,false,,6,-1
2022-09-18,853,false,,7,-1
2022-09-19,6213,false,,1,0
2022-09-20,6157,false,,2,0
2022-09-21,6135,false,,3,0
2022-09-22,5988,false,,4,0
2022-09-23,5599,false,,5,0
2022-09-24,2489,false,,6,-1
2022-09-25,1062,true,Rosh Hashana Eve,7,2
2022-09-26,5922,true,Rosh Hashana,1,2
2022-09-27,6759,true,Second Day of Rosh Hashana,2,2
2022-09-28,5905,false,,3,0
2022-09-29,6110,false,,4,0
2022-09-30,6002,false,,5,0
2022-10-01,2293,false,,6,-1
2022-10-02,817,false,,7,-1
2022-10-03,5593,false,,1,0
2022-10-04,6324,true,Yom Kippur Eve,2,2
2022-10-05,7313,true,Yom Kippur,3,2
2022-10-06,6484,false,,4,0
2022-10-07,2590,true,Tourist Bridge Holiday,5,1
2022-10-08,2513,false,,6,-1
2022-10-09,536,false,,7,-1
2022-10-10,1931,true,Day of Respect for Cultural Diversity,1,2
2022-10-11,5921,false,,2,0
2022-10-12,5707,false,,3,0
2022-10-13,5323,false,,4,0
2022-10-14,4651,false,,5,0
2022-10-15,2035,false,,6,-1
2022-10-16,475,true,Mothers' Day,7,2
2022-10-17,5107,false,,1,0
2022-10-18,5336,false,,2,0
2022-10-19,5113,false,,3,0
2022-10-20,5082,false,,4,0
2022-10-21,4549,false,,5,0
2022-10-22,2107,false,,6,-1
2022-10-23,509,false,,7,-1
2022-10-24,5477,false,,1,0
2022-10-25,5250,false,,2,0
2022-10-26,5341,false,,3,0
2022-10-27,4933,false,,4,0
2022-10-28,4975,false,,5,0
2022-10-29,2110,false,,6,-1
2022-10-30,594,false,,7,-1
2022-10-31,6534,false,,1,0
2022-11-01,5979,false,,2,0
2022-11-02,6593,false,,3,0
2022-11-03,5774,false,,4,0
2022-11-04,5297,false,,5,0
2022-11-05,2400,false,,6,-1
2022-11-06,859,false,,7,-1
2022-11-07,5740,false,,1,0
2022-11-08,5929,false,,2,0
2022-11-09,6287,false,,3,0
2022-11-10,5920,false,,4,0
2022-11-11,5470,false,,5,0
2022-11-12,2821,false,,6,-1
2022-11-13,860,false,,7,-1
2022-11-14,6282,false,,1,0
2022-11-15,6577,false,,2,0
2022-11-16,5667,false,,3,0
2022-11-17,5582,false,,4,0
2022-11-18,5003,false,,5,0
2022-11-19,2359,false,,6,-1
2022-11-20,707,true,National Sovereignty Day,7,1
2022-11-21,2699,true,Tourist Bridge Holiday,1,1
2022-11-22,5575,false,,2,0
2022-11-23,5462,false,,3,0
2022-11-24,5649,false,,4,0
2022-11-25,6277,false,,5,0
2022-11-26,2736,false,,6,-1
2022-11-27,1417,false,,7,-1
2022-11-28,5998,false,,1,0
2022-11-29,6202,false,,2,0
2022-11-30,5844,false,,3,0
2022-12-01,5606,false,,4,0
2022-12-02,5927,false,,5,0
2022-12-03,2665,false,,6,-1
2022-12-04,889,false,,7,-1
2022-12-05,6130,false,,1,0
2022-12-06,6180,false,,2,0
2022-12-07,5299,false,,3,0
2022-12-08,2586,true,Immaculate Conception,4,2
2022-12-09,1742,true,Tourist Bridge Holiday,5,1
2022-12-10,2787,false,,6,-1
2022-12-11,1034,false,,7,-1
2022-12-12,6419,false,,1,0
2022-12-13,5445,false,,2,0
2022-12-14,5899,false,,3,0
2022-12-15,6162,false,,4,0
2022-12-16,6226,false,,5,0
2022-12-17,3142,false,,6,-1
2022-12-18,594,false,,7,-1
2022-12-19,5683,false,,1,0
2022-12-20,4748,true,World Cup Win Public Holiday,2,2
2022-12-21,5788,false,,3,0
2022-12-22,5571,false,,4,0
2022-12-23,5082,false,,5,0
2022-12-24,1882,false,,6,-1
2022-12-25,708,true,Christmas Day,7,1
2022-12-26,5263,false,,1,0
2022-12-27,4742,false,,2,0
2022-12-28,4779,false,,3,0
2022-12-29,4683,false,,4,0
2022-12-30,4270,false,,5,0
2022-12-31,1573,true,New Year's Eve,6,1
2023-01-01,552,true,New Year's Day,7,1
2023-01-02,4487,false,,1,0
2023-01-03,4631,false,,2,0
2023-01-04,4882,false,,3,0
2023-01-05,4943,false,,4,0
2023-01-06,4576,false,,5,0
2023-01-07,2316,false,,6,-1
2023-01-08,937,false,,7,-1
2023-01-09,4795,false,,1,0
2023-01-10,5108,false,,2,0
2023-01-11,4525,false,,3,0
2023-01-12,4193,false,,4,0
2023-01-13,4437,false,,5,0
2023-01-14,2469,false,,6,-1
2023-01-15,747,false,,7,-1
2023-01-16,4559,false,,1,0
2023-01-17,3844,false,,2,0
2023-01-18,9590,false,,3,0
2023-01-19,4133,false,,4,0
2023-01-20,3635,false,,5,0
2023-01-21,1958,false,,6,-1
2023-01-22,551,false,,7,-1
2023-01-23,4249,false,,1,0
2023-01-24,4734,false,,2,0
2023-01-25,4736,false,,3,0
2023-01-26,4558,false,,4,0
2023-01-27,3982,false,,5,0
2023-01-28,1915,false,,6,-1
2023-01-29,514,false,,7,-1
2023-01-30,4689,false,,1,0
2023-01-31,4916,false,,2,0
2023-02-01,5616,false,,3,0
2023-02-02,5470,false,,4,0
2023-02-03,5126,false,,5,0
2023-02-04,2473,false,,6,-1
2023-02-05,778,false,,7,-1
2023-02-06,5058,false,,1,0
2023-02-07,5698,false,,2,0
2023-02-08,5380,false,,3,0
2023-02-09,5029,false,,4,0
2023-02-10,4687,false,,5,0
2023-02-11,2191,false,,6,-1
2023-02-12,869,false,,7,-1
2023-02-13,4923,false,,1,0
2023-02-14,5527,false,,2,0
2023-02-15,5672,false,,3,0
2023-02-16,4237,false,,4,0
2023-02-17,4233,false,,5,0
2023-02-18,2046,false,,6,-1
2023-02-19,679,false,,7,-1
2023-02-20,1492,true,Carnival / Shrove Monday,1,2
2023-02-21,1932,true,Carnival / Shrove Tuesday / Pancake Day,2,2
2023-02-22,4613,false,,3,0
2023-02-23,4784,false,,4,0
2023-02-24,4879,false,,5,0
2023-02-25,2277,false,,6,-1
2023-02-26,802,false,,7,-1
2023-02-27,4849,false,,1,0
2023-02-28,5254,false,,2,0
2023-03-01,4795,false,,3,0
2023-03-02,5337,false,,4,0
2023-03-03,4979,false,,5,0
2023-03-04,2597,false,,6,-1
2023-03-05,1090,false,,7,-1
2023-03-06,5641,false,,1,0
2023-03-07,5792,false,,2,0
2023-03-08,5165,false,,3,0
2023-03-09,5146,false,,4,0
2023-03-10,5140,false,,5,0
2023-03-11,2618,false,,6,-1
2023-03-12,1177,false,,7,-1
2023-03-13,5481,false,,1,0
2023-03-14,5653,false,,2,0
2023-03-15,5158,false,,3,0
2023-03-16,4914,false,,4,0
2023-03-17,4828,false,,5,0
2023-03-18,2067,false,,6,-1
2023-03-19,796,false,,7,-1
2023-03-20,4455,false,,1,0
2023-03-21,4735,false,,2,0
2023-03-22,4489,false,,3,0
2023-03-23,3943,true,Ramadan Start,4,2
2023-03-24,1794,true,Memorial Day,5,1
2023-03-25,1807,false,,6,-1
2023-03-26,715,false,,7,-1
2023-03-27,4417,false,,1,0
2023-03-28,4582,false,,2,0
2023-03-29,4329,false,,3,0
2023-03-30,4318,false,,4,0
2023-03-31,4826,false,,5,0
2023-04-01,1605,false,,6,-1
2023-04-02,791,true,Day of the Veterans,7,1
2023-04-03,4086,false,,1,0
2023-04-04,3782,false,,2,0
2023-04-05,3849,true,Passover Eve,3,2
2023-04-06,3345,true,Maundy Thursday,4,2
2023-04-06,3345,true,First day of Passover,4,2
2023-04-07,1340,true,Good Friday,5,2
2023-04-07,1340,true,Second Day of Passover,5,2
2023-04-08,1465,false,,6,-1
2023-04-09,586,true,Easter Sunday,7,2
2023-04-10,3916,false,,1,0
2023-04-11,4335,true,Sixth Day of Passover,2,2
2023-04-12,4303,true,Seventh Day of Passover,3,2
2023-04-13,4191,true,Last day of Passover,4,2
2023-04-14,3996,false,,5,0
2023-04-15,1913,false,,6,-1
2023-04-16,604,false,,7,-1
2023-04-17,4405,false,,1,0
2023-04-18,4296,false,,2,0
2023-04-19,4512,false,,3,0
2023-04-20,4331,false,,4,0
2023-04-21,3939,true,End of Ramadan,5,2
2023-04-22,1420,false,,6,-1
2023-04-23,623,false,,7,-1
2023-04-24,3914,true,Action Day for Tolerance and Respect between People,1,2
2023-04-25,4713,false,,2,0
2023-04-26,4671,false,,3,0
2023-04-27,4592,false,,4,0
2023-04-28,3666,false,,5,0
2023-04-29,1624,false,,6,-1
2023-04-30,837,false,,7,-1
2023-05-01,639,true,Labor Day / May Day,1,2
2023-05-02,4323,false,,2,0
2023-05-03,4451,false,,3,0
2023-05-04,3995,false,,4,0
2023-05-05,4003,false,,5,0
2023-05-06,2147,false,,6,-1
2023-05-07,640,false,,7,-1
2023-05-08,5141,false,,1,0
2023-05-09,5010,false,,2,0
2023-05-10,4759,false,,3,0
2023-05-11,4365,false,,4,0
2023-05-12,4013,false,,5,0
2023-05-13,1702,false,,6,-1
2023-05-14,768,false,,7,-1
2023-05-15,4202,false,,1,0
2023-05-16,4026,false,,2,0
2023-05-17,4586,false,,3,0
2023-05-18,4356,false,,4,0
2023-05-19,4004,false,,5,0
2023-05-20,1920,false,,6,-1
2023-05-21,808,false,,7,-1
2023-05-22,4658,false,,1,0
2023-05-23,4182,false,,2,0
2023-05-24,3930,false,,3,0
2023-05-25,1499,true,National Day/May 1810 Revolution,4,2
2023-05-26,1371,true,Tourist Bridge Holiday,5,1
2023-05-27,1601,false,,6,-1
2023-05-28,704,false,,7,-1
2023-05-29,4321,false,,1,0
2023-05-30,4336,false,,2,0
2023-05-31,4412,false,,3,0
2023-06-01,3988,false,,4,0
2023-06-02,4415,false,,5,0
2023-06-03,1728,false,,6,-1
2023-06-04,897,false,,7,-1
2023-06-05,4272,false,,1,0
2023-06-06,4471,false,,2,0
2023-06-07,4518,false,,3,0
2023-06-08,4177,false,,4,0
2023-06-09,4111,false,,5,0
2023-06-10,1892,false,,6,-1
2023-06-11,823,false,,7,-1
2023-06-12,4528,false,,1,0
2023-06-13,4174,false,,2,0
2023-06-14,4196,false,,3,0
2023-06-15,4104,false,,4,0
2023-06-16,3880,false,,5,0
2023-06-17,1487,true,Commemoration of General Don Martín Miguel de Güemes,6,1
2023-06-18,709,false,,7,-1
2023-06-19,1496,true,Tourist Bridge Holiday,1,1
2023-06-20,1705,true,Flag Day,2,1
2023-06-21,4367,false,,3,0
2023-06-22,4259,false,,4,0
2023-06-23,4091,false,,5,0
2023-06-24,1956,false,,6,-1
2023-06-25,791,false,,7,-1
2023-06-26,4487,false,,1,0
2023-06-27,4434,false,,2,0
2023-06-28,3921,true,Eid al-Adha,3,2
2023-06-29,3933,false,,4,0
2023-06-30,4115,false,,5,0
2023-07-01,1377,false,,6,-1
2023-07-02,661,false,,7,-1
2023-07-03,4103,false,,1,0
2023-07-04,4270,false,,2,0
2023-07-05,4387,false,,3,0
2023-07-06,4253,false,,4,0
2023-07-07,3778,false,,5,0
2023-07-08,1704,false,,6,-1
2023-07-09,793,true,Independence day,7,1
2023-07-10,3853,false,,1,0
2023-07-11,4675,false,,2,0
2023-07-12,4159,false,,3,0
2023-07-13,3972,false,,4,0
2023-07-14,3556,false,,5,0
2023-07-15,1353,false,,6,-1
2023-07-16,709,false,,7,-1
2023-07-17,4756,false,,1,0
2023-07-18,4014,false,,2,0
2023-07-19,3817,true,Muharram/New Year,3,2
2023-07-20,3712,false,,4,0
2023-07-21,3203,false,,5,0
2023-07-22,1473,false,,6,-1
2023-07-23,855,false,,7,-1
2023-07-24,4384,false,,1,0
2023-07-25,4314,false,,2,0
2023-07-26,4434,false,,3,0
2023-07-27,4140,false,,4,0
2023-07-28,3371,false,,5,0
2023-07-29,1394,false,,6,-1
2023-07-30,699,false,,7,-1
2023-07-31,3905,false,,1,0
2023-08-01,3886,false,,2,0
2023-08-02,4113,false,,3,0
2023-08-03,4129,false,,4,0
2023-08-04,3644,false,,5,0
2023-08-05,1552,false,,6,-1
2023-08-06,785,false,,7,-1
2023-08-07,3925,false,,1,0
2023-08-08,4442,false,,2,0
2023-08-09,4101,false,,3,0
2023-08-10,4003,false,,4,0
2023-08-11,4108,false,,5,0
2023-08-12,1374,false,,6,-1
2023-08-13,747,false,,7,-1
2023-08-14,4349,false,,1,0
2023-08-15,4754,false,,2,0
2023-08-16,4779,false,,3,0
2023-08-17,3976,false,,4,0
2023-08-18,3671,false,,5,0
2023-08-19,1535,false,,6,-1
2023-08-20,768,false,,7,-1
2023-08-21,1463,true,San Martín Day,1,2
2023-08-22,4040,false,,2,0
2023-08-23,3990,false,,3,0
2023-08-24,3986,false,,4,0
2023-08-25,3637,false,,5,0
2023-08-26,1541,false,,6,-1
2023-08-27,771,false,,7,-1
2023-08-28,3496,false,,1,0
2023-08-29,3632,false,,2,0
2023-08-30,3677,false,,3,0
2023-08-31,3399,false,,4,0
2023-09-01,3203,false,,5,0
2023-09-02,1306,false,,6,-1
2023-09-03,750,false,,7,-1
2023-09-04,3525,false,,1,0
2023-09-05,3452,false,,2,0
2023-09-06,3851,false,,3,0
2023-09-07,3590,false,,4,0
2023-09-08,3232,false,,5,0
2023-09-09,1212,false,,6,-1
2023-09-10,663,false,,7,-1
2023-09-11,3797,false,,1,0
2023-09-12,3635,false,,2,0
2023-09-13,3503,false,,3,0
2023-09-14,3492,false,,4,0
2023-09-15,3047,true,Rosh Hashana Eve,5,2
2023-09-16,1120,true,Rosh Hashana,6,2
2023-09-17,550,true,Second Day of Rosh Hashana,7,2
2023-09-18,3451,false,,1,0
2023-09-19,3257,false,,2,0
2023-09-20,3094,false,,3,0
2023-09-21,5203,false,,4,0
2023-09-22,3619,false,,5,0
2023-09-23,1150,false,,6,-1
2023-09-24,731,true,Yom Kippur Eve,7,2
2023-09-25,3478,true,Yom Kippur,1,2
2023-09-26,3941,false,,2,0
2023-09-27,3796,false,,3,0
2023-09-28,3578,false,,4,0
2023-09-29,2998,false,,5,0
2023-09-30,1396,false,,6,-1
2023-10-01,816,false,,7,-1
2023-10-02,3726,false,,1,0
2023-10-03,3898,false,,2,0
2023-10-04,3931,false,,3,0
2023-10-05,3749,false,,4,0
2023-10-06,3659,false,,5,0
2023-10-07,1472,false,,6,-1
2023-10-08,744,false,,7,-1
2023-10-09,3842,false,,1,0
2023-10-10,4265,false,,2,0
2023-10-11,4008,false,,3,0
2023-10-12,3370,false,,4,0
2023-10-13,1730,true,Tourist Bridge Holiday,5,1
2023-10-14,1272,false,,6,-1
2023-10-15,708,true,Mothers' Day,7,2
2023-10-16,1540,true,Day of Respect for Cultural Diversity,1,2
2023-10-17,3795,false,,2,0
2023-10-18,3714,false,,3,0
2023-10-19,4198,false,,4,0
2023-10-20,3372,false,,5,0
2023-10-21,1657,false,,6,-1
2023-10-22,917,false,,7,-1
2023-10-23,3558,false,,1,0
2023-10-24,3837,false,,2,0
2023-10-25,3503,false,,3,0
2023-10-26,2788,false,,4,0
2023-10-27,2637,false,,5,0
2023-10-28,1007,false,,6,-1
2023-10-29,439,false,,7,-1
2023-10-30,3228,false,,1,0
2023-10-31,2918,false,,2,0
2023-11-01,3663,false,,3,0
2023-11-02,3548,false,,4,0
2023-11-03,3041,false,,5,0
2023-11-04,1050,false,,6,-1
2023-11-05,461,false,,7,-1
2023-11-06,4266,false,,1,0
2023-11-07,4006,false,,2,0
2023-11-08,4038,false,,3,0
2023-11-09,3095,false,,4,0
2023-11-10,2765,false,,5,0
2023-11-11,1244,false,,6,-1
2023-11-12,544,false,,7,-1
2023-11-13,3499,false,,1,0
2023-11-14,3328,false,,2,0
2023-11-15,3070,false,,3,0
2023-11-16,2875,false,,4,0
2023-11-17,4063,false,,5,0
2023-11-18,1105,false,,6,-1
2023-11-19,538,false,,7,-1
2023-11-20,1086,true,National Sovereignty Day,1,1
2023-11-21,4764,false,,2,0
2023-11-22,3220,false,,3,0
2023-11-23,3115,false,,4,0
2023-11-24,2892,false,,5,0
2023-11-25,1339,false,,6,-1
2023-11-26,796,false,,7,-1
2023-11-27,3545,false,,1,0
2023-11-28,3511,false,,2,0
2023-11-29,3181,false,,3,0
2023-11-30,3341,false,,4,0
2023-12-01,3355,false,,5,0
2023-12-02,1597,false,,6,-1
2023-12-03,1063,false,,7,-1
2023-12-04,4416,false,,1,0
2023-12-05,4420,false,,2,0
2023-12-06,4108,false,,3,0
2023-12-07,5298,false,,4,0
2023-12-08,1821,true,Immaculate Conception,5,2
2023-12-09,2034,false,,6,-1
2023-12-10,1311,false,,7,-1
2023-12-11,3937,false,,1,0
2023-12-12,3564,false,,2,0
2023-12-13,3956,false,,3,0
2023-12-14,3414,false,,4,0
2023-12-15,3011,false,,5,0
2023-12-16,1308,false,,6,-1
2023-12-17,468,false,,7,-1
2023-12-18,3472,false,,1,0
2023-12-19,3446,false,,2,0
2023-12-20,3153,false,,3,0
2023-12-21,2868,false,,4,0
2023-12-22,2540,false,,5,0
2023-12-23,879,false,,6,-1
2023-12-24,231,false,,7,-1
2023-12-25,260,true,Christmas Day,1,1
2023-12-26,2907,false,,2,0
2023-12-27,3082,false,,3,0
2023-12-28,2977,false,,4,0
2023-12-29,2717,false,,5,0
2023-12-30,998,false,,6,-1
2023-12-31,265,true,New Year's Eve,7,1
2024-01-01,187,true,New Year's Day,1,1
2024-01-02,3116,false,,2,0
2024-01-03,3190,false,,3,0
2024-01-04,3228,false,,4,0
2024-01-05,3310,false,,5,0
2024-01-06,1312,false,,6,-1
2024-01-07,389,false,,7,-1
2024-01-08,3236,false,,1,0
2024-01-09,3159,false,,2,0
2024-01-10,3180,false,,3,0
2024-01-11,2937,false,,4,0
2024-01-12,2664,false,,5,0
2024-01-13,969,false,,6,-1
2024-01-14,439,false,,7,-1
2024-01-15,3052,false,,1,0
2024-01-16,3376,false,,2,0
2024-01-17,3214,false,,3,0
2024-01-18,2869,false,,4,0
2024-01-19,3395,false,,5,0
2024-01-20,1236,false,,6,-1
2024-01-21,443,false,,7,-1
2024-01-22,3554,false,,1,0
2024-01-23,3206,false,,2,0
2024-01-24,3110,false,,3,0
2024-01-25,3139,false,,4,0
2024-01-26,3236,false,,5,0
2024-01-27,1260,false,,6,-1
2024-01-28,549,false,,7,-1
2024-01-29,3650,false,,1,0
2024-01-30,3228,false,,2,0
2024-01-31,4303,false,,3,0
2024-02-01,4130,false,,4,0
2024-02-02,3502,false,,5,0
2024-02-03,1300,false,,6,-1
2024-02-04,672,false,,7,-1
2024-02-05,3903,false,,1,0
2024-02-06,3682,false,,2,0
2024-02-07,3773,false,,3,0
2024-02-08,3218,false,,4,0
2024-02-09,2940,false,,5,0
2024-02-10,898,false,,6,-1
2024-02-11,383,false,,7,-1
2024-02-12,1078,true,Carnival / Shrove Monday,1,2
2024-02-13,1159,true,Carnival / Shrove Tuesday / Pancake Day,2,2
2024-02-14,3217,false,,3,0
2024-02-15,3482,false,,4,0
2024-02-16,3850,false,,5,0
2024-02-17,1053,false,,6,-1
2024-02-18,385,false,,7,-1
2024-02-19,3095,false,,1,0
2024-02-20,3225,false,,2,0
2024-02-21,3146,false,,3,0
2024-02-22,2903,false,,4,0
2024-02-23,3261,false,,5,0
2024-02-24,1104,false,,6,-1
2024-02-25,550,false,,7,-1
2024-02-26,3483,false,,1,0
2024-02-27,3645,false,,2,0
2024-02-28,3977,false,,3,0
2024-02-29,3656,false,,4,0
2024-03-01,2932,false,,5,0
2024-03-02,1134,false,,6,-1
2024-03-03,523,false,,7,-1
2024-03-04,3878,false,,1,0
2024-03-05,3572,false,,2,0
2024-03-06,3694,false,,3,0
2024-03-07,3506,false,,4,0
2024-03-08,3748,false,,5,0
2024-03-09,1418,false,,6,-1
2024-03-10,745,false,,7,-1
2024-03-11,3412,true,Ramadan Start,1,2
2024-03-12,2946,false,,2,0
2024-03-13,4849,false,,3,0
2024-03-14,3998,false,,4,0
2024-03-15,5158,false,,5,0
2024-03-16,1445,false,,6,-1
2024-03-17,700,false,,7,-1
2024-03-18,3934,false,,1,0
2024-03-19,4609,false,,2,0
2024-03-20,4587,false,,3,0
2024-03-21,3652,false,,4,0
2024-03-22,3416,false,,5,0
2024-03-23,1059,false,,6,-1
2024-03-24,439,true,Memorial Day,7,1
2024-03-25,3647,false,,1,0
2024-03-26,3197,false,,2,0
2024-03-27,2929,false,,3,0
2024-03-28,2676,true,Maundy Thursday,4,2
2024-03-29,1102,true,Good Friday,5,2
2024-03-30,815,false,,6,-1
2024-03-31,347,true,Easter Sunday,7,2
2024-04-01,1286,true,Tourist Bridge Holiday,1,1
2024-04-02,1380,true,Day of the Veterans,2,1
2024-04-03,3384,false,,3,0
2024-04-04,3388,false,,4,0
2024-04-05,2762,false,,5,0
2024-04-06,855,false,,6,-1
2024-04-07,479,false,,7,-1
2024-04-08,6346,false,,1,0
2024-04-09,5072,false,,2,0
2024-04-10,3283,true,End of Ramadan,3,2
2024-04-11,3221,false,,4,0
2024-04-12,2900,false,,5,0
2024-04-13,1103,false,,6,-1
2024-04-14,507,false,,7,-1
2024-04-15,3217,false,,1,0
2024-04-16,3556,false,,2,0
2024-04-17,3458,false,,3,0
2024-04-18,3043,false,,4,0
2024-04-19,4087,false,,5,0
2024-04-20,1048,false,,6,-1
2024-04-21,368,false,,7,-1
2024-04-22,3668,true,Passover Eve,1,2
2024-04-23,3898,true,First day of Passover,2,2
2024-04-24,3520,true,Action Day for Tolerance and Respect between People,3,2
2024-04-24,3520,true,Second Day of Passover,3,2
2024-04-25,3987,false,,4,0
2024-04-26,3705,false,,5,0
2024-04-27,1154,false,,6,-1
2024-04-28,463,true,Sixth Day of Passover,7,2
2024-04-29,3567,true,Seventh Day of Passover,1,2
2024-04-30,3761,true,Last day of Passover,2,2
2024-05-01,628,true,Labor Day / May Day,3,2
2024-05-02,3393,false,,4,0
2024-05-03,5689,false,,5,0
2024-05-04,2021,false,,6,-1
2024-05-05,569,false,,7,-1
2024-05-06,4536,false,,1,0
2024-05-07,5144,false,,2,0
2024-05-08,4468,false,,3,0
2024-05-09,3980,false,,4,0
2024-05-10,3876,false,,5,0
2024-05-11,1468,false,,6,-1
2024-05-12,544,false,,7,-1
2024-05-13,5732,false,,1,0
2024-05-14,6135,false,,2,0
2024-05-15,6242,false,,3,0
2024-05-16,4769,false,,4,0
2024-05-17,4958,false,,5,0
2024-05-18,2130,false,,6,-1
2024-05-19,1393,false,,7,-1
2024-05-20,4281,false,,1,0
2024-05-21,4303,false,,2,0
2024-05-22,4149,false,,3,0
2024-05-23,4264,false,,4,0
2024-05-24,3644,false,,5,0
2024-05-25,1109,true,National Day/May 1810 Revolution,6,2
2024-05-26,710,false,,7,-1
2024-05-27,6057,false,,1,0
2024-05-28,5496,false,,2,0
2024-05-29,3852,false,,3,0
2024-05-30,3960,false,,4,0
2024-05-31,3941,false,,5,0
2024-06-01,1491,false,,6,-1
2024-06-02,766,false,,7,-1
2024-06-03,5465,false,,1,0
2024-06-04,5249,false,,2,0
2024-06-05,6747,false,,3,0
2024-06-06,4565,false,,4,0
2024-06-07,8696,false,,5,0
2024-06-08,3026,false,,6,-1
2024-06-09,1117,false,,7,-1
2024-06-10,8228,false,,1,0
2024-06-11,6371,false,,2,0
2024-06-12,5465,false,,3,0
2024-06-13,5002,false,,4,0
2024-06-14,4138,false,,5,0
2024-06-15,1408,false,,6,-1
2024-06-16,694,false,,7,-1
2024-06-17,1350,true,Eid al-Adha,1,2
2024-06-17,1350,true,Commemoration of General Don Martín Miguel de Güemes,1,1
2024-06-18,6953,false,,2,0
2024-06-19,4417,false,,3,0
2024-06-20,2071,true,Flag Day,4,1
2024-06-21,1727,true,Tourist Bridge Holiday,5,1
2024-06-22,1395,false,,6,-1
2024-06-23,579,false,,7,-1
2024-06-24,5589,false,,1,0
2024-06-25,5771,false,,2,0
2024-06-26,5205,false,,3,0
2024-06-27,4909,false,,4,0
2024-06-28,4597,false,,5,0
2024-06-29,1593,false,,6,-1
2024-06-30,661,false,,7,-1
2024-07-01,4834,false,,1,0
2024-07-02,4905,false,,2,0
2024-07-03,3003,false,,3,0
2024-07-04,7441,false,,4,0
2024-07-05,5898,false,,5,0
2024-07-06,2290,false,,6,-1
2024-07-07,619,false,,7,-1
2024-07-08,5496,true,Muharram/New Year,1,2
2024-07-09,1846,true,Independence day,2,1
2024-07-10,5527,false,,3,0
2024-07-11,6337,false,,4,0
2024-07-12,5472,false,,5,0
2024-07-13,1978,false,,6,-1
2024-07-14,539,false,,7,-1
2024-07-15,4877,false,,1,0
2024-07-16,6046,false,,2,0
2024-07-17,5366,false,,3,0
2024-07-18,5412,false,,4,0
2024-07-19,4822,false,,5,0
2024-07-20,1710,false,,6,-1
2024-07-21,641,false,,7,-1
2024-07-22,5198,false,,1,0
2024-07-23,5590,false,,2,0
2024-07-24,5880,false,,3,0
2024-07-25,5623,false,,4,0
2024-07-26,5493,false,,5,0
2024-07-27,2028,false,,6,-1
2024-07-28,522,false,,7,-1
2024-07-29,5862,false,,1,0
2024-07-30,6162,false,,2,0
2024-07-31,6100,false,,3,0
2024-08-01,5300,false,,4,0
2024-08-02,5669,false,,5,0
2024-08-03,2097,false,,6,-1
2024-08-04,709,false,,7,-1
2024-08-05,6655,false,,1,0
2024-08-06,6851,false,,2,0
2024-08-07,6404,false,,3,0
2024-08-08,3669,false,,4,0
